Age Range,Years of Experience,Industry,Job Title,Highest Level of Education Received,Country,Annual Salary,Annual Bonus,Signon Bonus,Gender
42-45,20+,"market research ",Sr project mgr,"Some College credit, no degree",USA,98000.00,12000.00,0.00,Prefer Not
42-45,15,Specialty Pharmaceutical Sales,"Territory Manager ",Bachelor's Degree,USA,110000.00,15000.00,0.00,Prefer Not
42-45,20+,"Microbiology ",N/A,"Trade, Technical, Vocational Training",USA,47840.00,0.00,0.00,Prefer Not
42-45,16,"Teacher ","High school  teacher ",Master's Degree,USA,71000.00,0.00,0.00,Prefer Not
42-45,7,Ecommerce,N/A,Bachelor's Degree,USA,75000.00,0.00,0.00,Prefer Not
46-49,20+,"Education ",Director of Ops,Bachelor's Degree,USA,90000.00,0.00,0.00,Prefer Not
42-45,20+,Tech,Sales,Bachelor's Degree,USA,225000.00,0.00,0.00,Prefer Not
42-45,8,Licensed clinical social worker,Manager of behavioral health,Master's Degree,USA,70000.00,4500.00,0.00,Prefer Not
42-45,15,Software,Manager of TA,Bachelor's Degree,USA,130000.00,13000.00,0.00,Prefer Not
46-49,20+,"Marketing ","Director ",Master's Degree,USA,80000.00,25000.00,0.00,Prefer Not
42-45,15,Health care,Director of HR,Bachelor's Degree,USA,258436.00,45000.00,0.00,Prefer Not
46-49,20+,medical,chief medical deputy of organization ( I know it's,Doctorate Degree,RUSSIA,30000.00,0.00,0.00,Female
42-45,6,Medical non profit,Office manager,"Some College credit, no degree",USA,33415.00,0.00,0.00,Female
42-45,20+,Healthcare,Senior HIM Technician,"High School Graduate, Diploma or the equivalent (e",USA,35360.00,0.00,0.00,Female
46-49,18,"Medical ","Certified Medical Assistant ","Trade, Technical, Vocational Training",USA,37780.00,0.00,0.00,Female
42-45,20+,Healthcare,Medical Receptionist,"Some College credit, no degree",USA,38000.00,0.00,0.00,Female
42-45,10,"Administrative ",Patient Services Supervisor,Associate Degree,USA,39000.00,0.00,0.00,Female
42-45,20+,Specialty Pharmacy,"Billing Specialist ","High School Graduate, Diploma or the equivalent (e",USA,39520.00,0.00,0.00,Female
46-49,1,Accounting,"Accountant ",Bachelor's Degree,USA,40000.00,0.00,0.00,Female
42-45,8,Social work,Children’s case manager,Bachelor's Degree,USA,40000.00,0.00,0.00,Female
46-49,20+,"Dental ","Office coordinator ","Some College credit, no degree",USA,40000.00,0.00,0.00,Female
42-45,1,Estate Law,"Paralegal ",Associate Degree,USA,41300.00,0.00,0.00,Female
42-45,20+,Government,Municipal Court Administrator,"High School Graduate, Diploma or the equivalent (e",USA,42000.00,0.00,0.00,Female
46-49,10,"Healthcare Administrative ",Executive Secretary,Associate Degree,USA,43000.00,0.00,0.00,Female
42-45,15,"Government solutions ",HR,"Some College credit, no degree",USA,43680.00,0.00,0.00,Female
46-49,5,"Healthcare ","Concierge unit coordinator ",Bachelor's Degree,USA,44000.00,0.00,0.00,Female
42-45,9,Project management/proposals,"Project coordinator/proposals ","Some College credit, no degree",USA,44500.00,0.00,0.00,Female
42-45,4,Healthcare Admistration,Physician Recruitment Coordinator,Associate Degree,USA,45000.00,0.00,0.00,Female
46-49,20+,"Administrative ",Administrative Assistant,"Some College credit, no degree",USA,46000.00,0.00,0.00,Female
46-49,3,Accounting,BUSAiness Manager/Project Manager,Bachelor's Degree,USA,46000.00,0.00,0.00,Female
46-49,20+,"Healthcare ","Sterile Processing technician ","Trade, Technical, Vocational Training",USA,47000.00,0.00,0.00,Female
42-45,3,BPO,Workforce Management Specialist,Bachelor's Degree,USA,47000.00,0.00,0.00,Female
42-45,20+,HeavyEquipmentRental/Construction,CreditManager,BachelorsDegree,USA,48000.00,0.00,0.00,Female
46-49,20+,Construction,Office Admin,Bachelor's Degree,USA,49920.00,0.00,0.00,Female
46-49,2,Disability Support,Independent disability Support worker,"Some College credit, no degree",AUSTRALIA,50000.00,0.00,0.00,Female
42-45,3,Banking/Finance,KYC Analyst,Bachelor's Degree,USA,50000.00,0.00,0.00,Female
42-45,18,Higher Education,Assistant Women's Volleyball Coach D1,Bachelor's Degree,USA,50000.00,0.00,0.00,Female
42-45,4,Banking,Mortgage Servicing Escrow Tax Supervisor,Associate Degree,USA,50000.00,0.00,0.00,Female
46-49,15,"Medical billing ",Medical billing manager,"Some College credit, no degree",USA,50000.00,0.00,0.00,Female
46-49,1,Medical Billing and Coding,Certified Medical Coder,Associate Degree,USA,51840.00,0.00,0.00,Female
46-49,6,"Social Services ",Social Worker,Bachelor's Degree,CANADA,52000.00,0.00,0.00,Female
42-45,1,Clinical Trials,"Clinical Trial Assistant ",Bachelor's Degree,USA,52000.00,0.00,0.00,Female
42-45,15,Banking,Escalations specialist,Bachelor's Degree,USA,52000.00,0.00,0.00,Female
46-49,20+,"Veterinary ","Receptionist ","High School Graduate, Diploma or the equivalent (e",USA,52000.00,0.00,0.00,Female
42-45,20+,"Dock Equipment ","CUSAtomer Service ",Associate Degree,USA,52790.00,0.00,0.00,Female
46-49,11,"Medical ","Registered practical nurse. ",Associate Degree,CANADA,53000.00,0.00,0.00,Female
42-45,20+,Airline,"Pilot crew scheduler ","Some College credit, no degree",USA,53000.00,0.00,0.00,Female
42-45,1,"Federal Government ","Social worker ",Master's Degree,USA,53600.00,0.00,0.00,Female
42-45,20+,Payroll,"Analyst ",Bachelor's Degree,USA,54500.00,0.00,0.00,Female
46-49,10,Finance,"CUSAtomer Service ","High School Graduate, Diploma or the equivalent (e",USA,55000.00,0.00,0.00,Female
42-45,3,"Education ",Special Ed twacher,Bachelor's Degree,USA,55000.00,0.00,0.00,Female
42-45,20+,"Education ","High School Teacher ",Master's Degree,USA,55000.00,0.00,0.00,Female
46-49,16,Energy,Energy Analyst,Master's Degree,USA,56000.00,0.00,0.00,Female
42-45,1,Human Resources,Recruiting coordinator,Bachelor's Degree,USA,57200.00,0.00,0.00,Female
42-45,1,"Hospitality ","Marketing ","Some College credit, no degree",USA,58000.00,0.00,0.00,Female
42-45,20+,Education,Teacher,Bachelor's Degree,USA,58000.00,0.00,0.00,Female
42-45,10,Finance,Registeredcient Service Associate,Bachelor's Degree,USA,58000.00,0.00,0.00,Female
42-45,20+,"Education ",Elementary School Teacher,Master's Degree,USA,58600.00,0.00,0.00,Female
46-49,13,Graphic design,Designer,Bachelor's Degree,CANADA,60000.00,0.00,0.00,Female
46-49,10,"Wine indUSAtry ","Wine consultant ",Bachelor's Degree,USA,60000.00,0.00,0.00,Female
46-49,14,"Healthcare ",RN,Bachelor's Degree,USA,60000.00,0.00,0.00,Female
42-45,20+,N/A,N/A,Bachelor's Degree,USA,60000.00,0.00,0.00,Female
42-45,19,Real estate,"Title Processor ",Bachelor's Degree,USA,60000.00,0.00,5000.00,Female
46-49,15,Higher Education,Divisional Dean,Master's Degree,USA,60000.00,0.00,0.00,Female
46-49,15,Franchisee,Owner,BachelorsDegree,USA,60000.00,0.00,0.00,Female
46-49,1,"Nonprofit ","Community Engagement Manager ","Some College credit, no degree",USA,60000.00,0.00,0.00,Female
42-45,20+,Medical,Manager,"Some College credit, no degree",USA,60000.00,0.00,0.00,Female
42-45,10,"Insurance ","Executive assistant ",Bachelor's Degree,USA,60000.00,0.00,0.00,Female
42-45,12,Legal,Office manager,Master's Degree,USA,60000.00,0.00,0.00,Female
46-49,15,Accounts Receivables,N/A,Bachelor's Degree,USA,60500.00,0.00,0.00,Female
42-45,20+,"Instructional Design ","Instructional designer ",Master's Degree,USA,61000.00,0.00,0.00,Female
42-45,10,"State Government ","Program consultant ",Associate Degree,USA,61692.00,0.00,0.00,Female
42-45,20+,"High Education ","BUSAiness Programs Professor ",Master's Degree,USA,62000.00,0.00,0.00,Female
42-45,9,"Utility management ","Manager of Compliance ","Some College credit, no degree",USA,62000.00,0.00,0.00,Female
42-45,12,Insurance,Claim adjUSAter,Bachelor's Degree,USA,62500.00,0.00,0.00,Female
46-49,20+,Healthcare,Ophthalmic technician,Associate Degree,USA,63000.00,0.00,0.00,Female
42-45,19,"Higher education ",Associate director of student affairs,Master's Degree,USA,63000.00,0.00,0.00,Female
42-45,20+,"Home Services ",Marketing Director,"Some College credit, no degree",USA,63000.00,0.00,0.00,Female
42-45,4,Fintech,BUSAiness Process Analyst,Bachelor's Degree,USA,64000.00,0.00,0.00,Female
46-49,20+,Banking,"Operations Specialist ",Bachelor's Degree,USA,64000.00,0.00,0.00,Female
42-45,15,Spiritual care/leadership/teaching,Lead Clergy/Pastor,Doctorate Degree,USA,64000.00,0.00,0.00,Female
42-45,11,"Engineering/construction ","Office manager/project manager ","Some College credit, no degree",USA,64000.00,0.00,0.00,Female
42-45,20+,Nursing,RN,BachelorsDegree,USA,65000.00,0.00,0.00,Female
42-45,20+,Retail,"Sales Representative ",Associate Degree,USA,65000.00,0.00,0.00,Female
46-49,4,"Manufacturing ",Key Account Manager,Bachelor's Degree,USA,65000.00,0.00,0.00,Female
42-45,20+,Nonprofit,"Manager of External Affairs ",Master's Degree,USA,65000.00,0.00,0.00,Female
42-45,20+,"Energy efficiency ","Outreach Manager ","Some College credit, no degree",USA,65000.00,0.00,0.00,Female
46-49,7,Healthcare,Recruiter,Bachelor's Degree,USA,65500.00,0.00,0.00,Female
42-45,13,"Education ","Data Analyst ",Master's Degree,USA,65500.00,0.00,0.00,Female
42-45,10," Nonprofit ",Director,"High School Graduate, Diploma or the equivalent (e",USA,66000.00,0.00,0.00,Female
42-45,20+,Healthcare,Surgical tech,"Trade, Technical, Vocational Training",USA,66000.00,0.00,0.00,Female
42-45,15,"Education ","School-Based Speech-Language Pathologist ",Master's Degree,USA,67000.00,0.00,0.00,Female
42-45,14,"Sales support fleet management ","Account fleet coordinator ",Bachelor's Degree,USA,67300.00,0.00,0.00,Female
46-49,20+,"Education ","8th grade math teacher ",Master's Degree,USA,68000.00,0.00,0.00,Female
46-49,12,"Construction ","Rental manager ","Some High School, No Diploma",USA,68000.00,0.00,0.00,Female
46-49,15,Advertising,Director of Vendor Relations,Bachelor's Degree,USA,68000.00,0.00,0.00,Female
42-45,11,Healthcare,"Critical care nurse ",Bachelor's Degree,USA,68000.00,0.00,0.00,Female
46-49,1,"Insurance ",Claims AdjUSAter,"High School Graduate, Diploma or the equivalent (e",USA,68500.00,0.00,0.00,Female
46-49,10,Tech,Sales,"Trade, Technical, Vocational Training",CANADA,69000.00,0.00,0.00,Female
42-45,15,Non profit,Director of Operations,Bachelor's Degree,"IRELAND ",70000.00,0.00,0.00,Female
42-45,4,E commerce,"Self employed ",Master's Degree,USA,70000.00,0.00,0.00,Female
46-49,20+,Higher Ed,"Sales Manager ",Master's Degree,USA,70000.00,0.00,0.00,Female
42-45,11,Higher Education,Grant Administration,Master's Degree,USA,70000.00,0.00,0.00,Female
46-49,20+,Staffing,"Accountant ","Some College credit, no degree",USA,70009.00,0.00,0.00,Female
46-49,19,Retail / Book Publishing,Purchasing Manager,Bachelor's Degree,USA,71700.00,0.00,0.00,Female
46-49,15,Healthcare,Performance improvement,Bachelor's Degree,USA,72000.00,0.00,0.00,Female
46-49,20+,"MUSAeum, libraries, archives",Curator,N/a,USA,72000.00,0.00,0.00,Female
46-49,16,Healthcare,RN,Associate Degree,USA,72000.00,0.00,0.00,Female
42-45,10,Start up/tech,HR Manager,Master's Degree,USA,72000.00,0.00,0.00,Female
42-45,20+,"Education ","Teacher ",Master's Degree,USA,73000.00,0.00,0.00,Female
42-45,10,Commercialspaceplanningsoftware,JuniorProductManager,BachelorsDegree,USA,73000.00,0.00,0.00,Female
42-45,20+,Mortgage Servicing,BUSAiness Analyst,Bachelor's Degree,USA,74000.00,0.00,0.00,Female
42-45,10,"Post secondary for profit school  ","Vp of administration ","High School Graduate, Diploma or the equivalent (e",USA,74000.00,0.00,0.00,Female
42-45,15,Marketing,Photo Editor,Bachelor's Degree,USA,74880.00,0.00,0.00,Female
42-45,20+,"Education ",Teacher,Bachelor's Degree,USA,75000.00,0.00,0.00,Female
42-45,17,"Photography ","Photographer ","Some College credit, no degree",USA,75000.00,0.00,0.00,Female
42-45,1,Products,Product Manager,Bachelor's Degree,USA,75000.00,0.00,4000.00,Female
46-49,20+,"Professional Services ",Accounting Manager,Bachelor's Degree,USA,75000.00,0.00,0.00,Female
42-45,15,N/A,Sr HR Generalist,"Some College credit, no degree",USA,75000.00,0.00,0.00,Female
42-45,3,"Dietetics ",Registered Dietitian,Bachelor's Degree,USA,75000.00,0.00,0.00,Female
42-45,17,N/A,N/A,Bachelor's Degree,USA,75000.00,0.00,0.00,Female
42-45,15,Healthcare,Training manager,"Trade, Technical, Vocational Training",USA,75000.00,0.00,0.00,Female
46-49,14,"Textile Manufacture ",Senior buyer,Bachelor's Degree,CANADA,76000.00,0.00,0.00,Female
42-45,4,Healthcare IT,"Epic analyst ","Some College credit, no degree",USA,76000.00,0.00,0.00,Female
46-49,20+,"Education ","6th grade ELA teacher ",Master's Degree,USA,76000.00,0.00,0.00,Female
42-45,12,Government contractor,Project Accountant,Bachelor's Degree,USA,76000.00,0.00,0.00,Female
46-49,5,Academic/University,Assistant Professor,Doctorate Degree,USA,76500.00,0.00,0.00,Female
46-49,10,"Healthcare ",Supervisor for Nutrition Services,"Trade, Technical, Vocational Training",USA,77000.00,0.00,0.00,Female
42-45,20+,"Management ",N/A,"Some College credit, no degree",USA,77000.00,0.00,0.00,Female
42-45,20+,Publishing,Senior Manager,Bachelor's Degree,USA,77000.00,0.00,0.00,Female
42-45,13,Insurance,"Accountant ",Master's Degree,USA,77500.00,0.00,0.00,Female
46-49,17,RN,"Supervisor ",Bachelor's Degree,USA,78000.00,0.00,0.00,Female
42-45,20+,"Education ","3rd grade teacher ",Master's Degree,USA,79000.00,0.00,0.00,Female
42-45,6,Space & Defence,Intermediate Software Engineer,Bachelor's Degree,CANADA,80000.00,0.00,0.00,Female
42-45,9,N/A,Self Employed Massage Therapist,Bachelor's Degree,USA,80000.00,0.00,0.00,Female
46-49,20+,Accounting,Accounting Manager,Bachelor's Degree,USA,80000.00,0.00,0.00,Female
42-45,7,"Health ","Compliance Director ",Master's Degree,USA,80000.00,0.00,0.00,Female
42-45,20+,B2B E-Commerce,Marketing Manager,"Some College credit, no degree",USA,80000.00,0.00,0.00,Female
42-45,20+,"Manufacturing ","Document Control Manager ","Some College credit, no degree",USA,80000.00,0.00,0.00,Female
46-49,20+,Healthcare,Executive Assistant,"Some College credit, no degree",USA,80000.00,0.00,10000.00,Female
42-45,3,"Clinical research ",Site Activation Specialist,Bachelor's Degree,USA,80000.00,0.00,0.00,Female
42-45,17,"Education ","Elementary Teacher ",Master's Degree,USA,80000.00,0.00,0.00,Female
42-45,20+,Mortgage,Processor,"Some College credit, no degree",USA,80000.00,0.00,0.00,Female
42-45,14,"Education ",Assistant Principal,Master's Degree,USA,82000.00,0.00,0.00,Female
46-49,20+,Travel,Sr Product Specialist,"Some College credit, no degree",USA,82000.00,0.00,0.00,Female
46-49,1,Healthcare,ICU Nurse,Associate Degree,USA,83200.00,0.00,0.00,Female
46-49,16,"Healthcare ","Registered Nurse ",Bachelor's Degree,USA,83400.00,0.00,0.00,Female
42-45,11,"Education ","Teacher, specialist ",Master's Degree,USA,84000.00,0.00,0.00,Female
46-49,20+,Child Protection,Senior Social Eorker,Master's Degree,USA,84000.00,0.00,0.00,Female
42-45,10,Credit card payment," BUSAiness Analyst",Master's Degree,USA,85000.00,0.00,0.00,Female
42-45,17,"Advertising ","BUSAiness Manager ",Bachelor's Degree,USA,85000.00,0.00,0.00,Female
46-49,20+,Finance,N/A,Bachelor's Degree,USA,85000.00,0.00,0.00,Female
46-49,2,Start Up Operations,Operations,Bachelor's Degree,USA,85000.00,0.00,0.00,Female
46-49,16,Nursing,Home health Nurse,"Trade, Technical, Vocational Training",USA,86000.00,0.00,0.00,Female
42-45,16,"Local Government ","Program Supervisor ",Bachelor's Degree,USA,87000.00,0.00,0.00,Female
42-45,8,Healthcare,"Ancillary Testing Consultant ",Master's Degree,USA,88000.00,0.00,0.00,Female
42-45,12,Healthcare,RN,Bachelor's Degree,USA,88000.00,0.00,0.00,Female
42-45,4,Healthcare,Registered Nurse,Bachelor's Degree,USA,89000.00,0.00,0.00,Female
42-45,20+,N/A,"Executive Assistant ",Associate Degree,USA,89500.00,0.00,0.00,Female
42-45,20+,Post secondary Education,Governance Officer,Bachelor's Degree,CANADA,90000.00,0.00,0.00,Female
42-45,15,"Non profit ","Development Director ",Master's Degree,USA,90000.00,0.00,0.00,Female
42-45,2,IT,Software QA,"Some College credit, no degree",USA,90000.00,0.00,0.00,Female
42-45,20+,Marketing,"Supervisor, National Brand Strategy","Some College credit, no degree",USA,90000.00,0.00,0.00,Female
46-49,20+,Travel,Manager,"High School Graduate, Diploma or the equivalent (e",USA,90000.00,0.00,0.00,Female
42-45,17,Health,Web content manager,Master's Degree,USA,90000.00,0.00,0.00,Female
46-49,20+,"Medical ","CT Xray Technologist ",Bachelor's Degree,USA,90000.00,0.00,0.00,Female
42-45,9,Accounting,"SR Accounting Consultant ",Bachelor's Degree,USA,90000.00,0.00,0.00,Female
42-45,8,Tech,HR,Master's Degree,USA,90000.00,0.00,0.00,Female
46-49,20+,Education,Director of Employment and Compensation,Master's Degree,USA,91000.00,0.00,0.00,Female
42-45,9,"Government ",Accountant,Professional Degree,USA,91000.00,0.00,0.00,Female
42-45,18,Healthcare,RN,Master's Degree,USA,91500.00,0.00,0.00,Female
46-49,15,Pr,Director,Bachelor's Degree,USA,92000.00,0.00,0.00,Female
46-49,20+,"Non profit ",Director,Associate Degree,USA,92000.00,0.00,0.00,Female
46-49,20+,Healthcare,Radiology Manager,Bachelor's Degree,USA,92500.00,0.00,0.00,Female
42-45,20+,"Education ","Superintendent ",Master's Degree,USA,93000.00,0.00,0.00,Female
42-45,1,"Healthcare ","Behavior Analyst ",Master's Degree,USA,94000.00,0.00,3000.00,Female
42-45,18,"Education ",Teacher,Bachelor's Degree,CANADA,95000.00,0.00,0.00,Female
42-45,20+,Healthcare,ICU Nurse,Bachelor's Degree,USA,95000.00,0.00,0.00,Female
42-45,15,"Healthcare ","BUSAiness Management Side of Healthcare ","High School Graduate, Diploma or the equivalent (e",USA,95000.00,0.00,0.00,Female
46-49,8,Supply Chain,Sr Production Planner,Master's Degree,USA,97000.00,0.00,0.00,Female
42-45,20+,Benefits Outsourcing,"Client service manager ",Master's Degree,USA,97000.00,0.00,0.00,Female
42-45,10,Marketing,Advertising manager,Bachelor's Degree,USA,98000.00,0.00,0.00,Female
42-45,9,Utilties,Planning Specialist,"High School Graduate, Diploma or the equivalent (e",USA,98000.00,0.00,0.00,Female
46-49,10,Healthcare,System Analyst 2,Bachelor's Degree,USA,98230.00,0.00,0.00,Female
42-45,15,N/A,"HR operations ",Master's Degree,USA,98600.00,0.00,5000.00,Female
42-45,6,Law,Legal counsel,Master's Degree,CANADA,100000.00,0.00,0.00,Female
42-45,8,Tech,HR Manager,Bachelor's Degree,USA,100000.00,0.00,0.00,Female
42-45,20+,"Healthcare IT Data Migration ",Data Solutions Manager,Bachelor's Degree,USA,100000.00,0.00,0.00,Female
42-45,20+,Education/Psych Nursing,"Program Director ",Master's Degree,USA,100000.00,0.00,0.00,Female
42-45,20+,"Non profit ","Executive Director ",Master's Degree,USA,100000.00,0.00,0.00,Female
42-45,20+,Law,GC,Doctorate Degree,USA,100000.00,0.00,0.00,Female
42-45,20+,Education,Teacher,Bachelor's Degree,USA,103000.00,0.00,0.00,Female
42-45,12,Law,Attorney,Professional Degree,USA,104000.00,0.00,0.00,Female
46-49,15,Heathcare,Educator,Master's Degree,USA,105000.00,0.00,0.00,Female
46-49,20+,Education,Instructional Coach,Professional Degree,USA,105000.00,0.00,0.00,Female
46-49,15,Healthcare,Registered nurse,Bachelor's Degree,USA,105000.00,0.00,0.00,Female
42-45,19,Public Utility - Water,Section Chief,Master's Degree,USA,106000.00,0.00,0.00,Female
42-45,10,Government,N/A,Master's Degree,USA,108000.00,0.00,0.00,Female
42-45,10,"Federal Government ","Financial Program Specialist ",Master's Degree,USA,109000.00,0.00,0.00,Female
46-49,20+,Education Finance,Officer,Master's Degree,USA,109000.00,0.00,0.00,Female
42-45,15,"Education ",Primary School Teacher,Master's Degree,AUSTRALIA,110000.00,0.00,0.00,Female
42-45,1,Healthcare,"Nursing Home Administrator ",Bachelor's Degree,USA,110000.00,0.00,0.00,Female
46-49,20+,Mortgage,Underwriter,"High School Graduate, Diploma or the equivalent (e",USA,110000.00,0.00,10000.00,Female
46-49,20+,"Educación ",Teacher,Master's Degree,USA,110000.00,0.00,0.00,Female
42-45,13,"Consulting ",Consultant,Professional Degree,USA,110000.00,0.00,0.00,Female
46-49,15,"BUSAiness Development ",Proposal Manager,Bachelor's Degree,USA,110000.00,0.00,0.00,Female
42-45,5,"Technology ","Senior Product Designer ",Bachelor's Degree,USA,110000.00,0.00,0.00,Female
42-45,10,"Advertising ","Account Executive ",Associate Degree,USA,110000.00,0.00,0.00,Female
42-45,20+,"Entertainment ","Human Resources BUSAiness Partner ",Bachelor's Degree,USA,110000.00,0.00,0.00,Female
42-45,19,"Education ",Kindergarten Teacher,Master's Degree,USA,114971.00,0.00,0.00,Female
42-45,10,"Technology ",Healthcare consultant BA,Master's Degree,USA,115000.00,0.00,0.00,Female
46-49,20+,Healthcare IT,"Manager ",Associate Degree,USA,117000.00,0.00,0.00,Female
46-49,20+,Association - Healthcare,Director of Meetings,Bachelor's Degree,USA,118000.00,0.00,0.00,Female
42-45,8,Healthcare,Float Pool nurse,Bachelor's Degree,USA,120000.00,0.00,0.00,Female
46-49,20+,"Tv production ",Editor,Bachelor's Degree,USA,120000.00,0.00,0.00,Female
46-49,20+,Healthcare,Registered Nurse,Bachelor's Degree,USA,120000.00,0.00,0.00,Female
46-49,17,"Healthcare ",RN,Bachelor's Degree,USA,120000.00,0.00,0.00,Female
46-49,20+,"Education ","Teacher ",Master's Degree,USA,120000.00,0.00,0.00,Female
42-45,20+,Government,Management & Program Analyst,Master's Degree,USA,124658.00,0.00,0.00,Female
46-49,20+,"Healthcare ",Physical Therapist - PRN,Doctorate Degree,USA,124800.00,0.00,0.00,Female
42-45,20+,Tech and Training,Head of Training and Certification,Doctorate Degree,ENGLAND,125000.00,0.00,0.00,Female
42-45,19,"Nonprofit ","Consultant ",Master's Degree,USA,125000.00,0.00,0.00,Female
46-49,20+,Training & Leadership Development,Director,Bachelor's Degree,USA,125000.00,0.00,0.00,Female
46-49,20+,Accounting,CPA,Bachelor's Degree,USA,125000.00,0.00,0.00,Female
46-49,20+,"Sales ",Biz dev,Professional Degree,USA,125000.00,0.00,0.00,Female
46-49,20+,Career Training,Marketing Manager,Professional Degree,USA,127000.00,0.00,0.00,Female
42-45,20+,IT,VP of IT,Associate Degree,USA,128000.00,0.00,0.00,Female
42-45,16,Hair,Colorist,Bachelor's Degree,USA,130000.00,0.00,0.00,Female
46-49,20+,Tech,"Hr Director ",Bachelor's Degree,USA,130000.00,0.00,0.00,Female
42-45,19,"Education ",Principal,Doctorate Degree,USA,130000.00,0.00,0.00,Female
46-49,5,Insurance claims,"Claims consultant ",Professional Degree,USA,130000.00,0.00,0.00,Female
42-45,15,Tech,Director of digital rights,"Some College credit, no degree",USA,130000.00,0.00,0.00,Female
42-45,17,Government,"Director ","High School Graduate, Diploma or the equivalent (e",AUSTRALIA,131000.00,0.00,0.00,Female
42-45,13,"Pharmaceutical ",Principal Clinical Programmer,Master's Degree,CANADA,135000.00,0.00,500.00,Female
42-45,20+,N/A,VP,Master's Degree,USA,138000.00,0.00,0.00,Female
42-45,20+,Tech,Director,Professional Degree,USA,140000.00,0.00,0.00,Female
42-45,16,"Law enforcement ",N/A,Master's Degree,USA,140000.00,0.00,0.00,Female
46-49,20+,Sports,Director Marketing/ Sponsorship /Social,Bachelor's Degree,USA,140000.00,0.00,0.00,Female
42-45,20+,Education,"Compliance Coordinator ",Bachelor's Degree,USA,140033.00,0.00,0.00,Female
42-45,10,"recruiting ",recruitment partner,Master's Degree,CANADA,145000.00,0.00,0.00,Female
42-45,14,Media,"Manager ",Bachelor's Degree,USA,145000.00,0.00,0.00,Female
46-49,20+,Legal,Director,Doctorate Degree,USA,147000.00,0.00,0.00,Female
46-49,20+,Fintech,Marketing Lead,Bachelor's Degree,USA,150000.00,0.00,0.00,Female
42-45,19,Software Sales,"Account Executive ","Some College credit, no degree",USA,150000.00,0.00,7500.00,Female
46-49,20+,Higher Ed,"IT Professor ",Master's Degree,USA,150000.00,0.00,0.00,Female
42-45,16,Law,"Partner ",Professional Degree,USA,150000.00,0.00,0.00,Female
42-45,20+,"Tech ","HR Manager ",Master's Degree,USA,160000.00,0.00,0.00,Female
42-45,17,Health care,Pharmacist,Doctorate Degree,USA,160000.00,0.00,0.00,Female
42-45,8,"Technology ","Senior Engineering Manager ","High School Graduate, Diploma or the equivalent (e",USA,165000.00,0.00,0.00,Female
42-45,20+,"Software ",Principal UX designer,Master's Degree,USA,170000.00,0.00,0.00,Female
42-45,20+,"Education services ",Owner,"Some High School, No Diploma",USA,170000.00,0.00,0.00,Female
46-49,10,"Mental Health ","LMFT-Supervisor ",Doctorate Degree,USA,170000.00,0.00,0.00,Female
42-45,14,"OPM -online program management ","Executive Director ","Some College credit, no degree",USA,170000.00,0.00,0.00,Female
42-45,12,Program Management,"Director, Program Management ",Bachelor's Degree,USA,172000.00,0.00,0.00,Female
42-45,16,Tech,Director of operations,Master's Degree,CANADA,175000.00,0.00,0.00,Female
42-45,20+,Consultant (for nonprofits),President,Master's Degree,USA,175000.00,0.00,0.00,Female
46-49,20+,"Construction ",Project Manager,Master's Degree,USA,180000.00,0.00,0.00,Female
42-45,14,Tech,"Enterprise Account Executive ","Some College credit, no degree",USA,180000.00,0.00,0.00,Female
46-49,20+,Tech,Sr Director Communications,Bachelor's Degree,USA,185000.00,0.00,30000.00,Female
42-45,20+,"Information Technology ",Director of IT,"High School Graduate, Diploma or the equivalent (e",USA,185000.00,0.00,0.00,Female
42-45,15,Entertainment,Designer,Bachelor's Degree,USA,190000.00,0.00,0.00,Female
42-45,20+,"Nonprofit ","Executive director ",Doctorate Degree,USA,197450.00,0.00,0.00,Female
42-45,20+,Tech,VP Mktg,Master's Degree,USA,200000.00,0.00,0.00,Female
42-45,17,"Consulting ","Consultant ",Master's Degree,USA,220000.00,0.00,0.00,Female
42-45,20+,"Influencer marketing ",Svp,Bachelor's Degree,USA,225000.00,0.00,5000.00,Female
42-45,15,Legal tech,"Chief of Strategy ",Doctorate Degree,USA,260000.00,0.00,0.00,Female
42-45,10,Consulting,Director of Ops,Bachelor's Degree,USA,950000.00,0.00,0.00,Female
42-45,5,"Real estate ","Realtor ","Some High School, No Diploma",USA,NULL,0.00,0.00,Female
42-45,20+,Software,Account Director,Bachelor's Degree,USA,155000.00,0.00,10000.00,Female
42-45,20+,Tech,"Head of marketing ",Bachelor's Degree,USA,160000.00,0.00,0.00,Female
42-45,15,"Tech ","Account manager ",Bachelor's Degree,USA,132000.00,0.00,0.00,Female
46-49,15,Healthcare IT,Program Director,Master's Degree,USA,182000.00,0.00,0.00,Female
46-49,20+,Real estate,General counsel,Professional Degree,USA,325000.00,0.00,0.00,Female
42-45,17,Information Technology,Senior Account Manager,Bachelor's Degree,USA,100000.00,0.00,0.00,Female
42-45,20+,Financial Services,Manager of BUSAiness Development,Bachelor's Degree,USA,90000.00,0.00,0.00,Female
42-45,14,"Education ",Teacher,Master's Degree,USA,58500.00,0.00,0.00,Female
46-49,20+,Media,CIO,BachelorsDegree,USA,70000.00,0.00,0.00,Female
42-45,10,Non profit,ED and Prevention Resource Specialist,Associate Degree,USA,38000.00,0.00,0.00,Female
42-45,19,"Education ","Teacher ",Master's Degree,USA,79000.00,0.00,0.00,Female
42-45,20+,Education,Teacher: Head of Dept,Master's Degree,USA,113000.00,0.00,0.00,Female
42-45,20+,varies,Administration,"High School Graduate, Diploma or the equivalent (e",USA,65000.00,0.00,0.00,Female
46-49,15,Marketing,Social Media Lead (manager/team lead),Bachelor's Degree,USA,185000.00,0.00,0.00,Female
46-49,18,Circuit court,Judges clerk,"High School Graduate, Diploma or the equivalent (e",USA,35000.00,0.00,0.00,Female
42-45,2,Law and JUSAtice,Civil records clerk,Bachelor's Degree,USA,42000.00,0.00,0.00,Female
46-49,20+,"Healthcare ",Billing Coordinator,"Some College credit, no degree",USA,42240.00,0.00,0.00,Female
42-45,20+,"Admin/Paralegal/project coordinator ","Project Coordinator ",Bachelor's Degree,USA,44000.00,0.00,0.00,Female
46-49,20+,"Non profit ","Case manager ",Bachelor's Degree,USA,48000.00,0.00,0.00,Female
42-45,7,Healthcare,OR Buyer,"High School Graduate, Diploma or the equivalent (e",USA,53000.00,0.00,0.00,Female
46-49,15,"Banking ","BSA/AML Officer ","High School Graduate, Diploma or the equivalent (e",USA,58000.00,0.00,0.00,Female
42-45,10,"Higher Education ","Research ",Master's Degree,USA,65000.00,0.00,0.00,Female
46-49,20+,"Education ","Middle school math teacher ",Bachelor's Degree,USA,67500.00,0.00,0.00,Female
46-49,16,"Education ","Teaching Assistant ",Master's Degree,USA,69000.00,0.00,0.00,Female
46-49,10,Education,"Community Partnership Coordinator ",Master's Degree,USA,76000.00,0.00,0.00,Female
42-45,10,Career services,Career transition coordinator,Bachelor's Degree,CANADA,80000.00,0.00,0.00,Female
46-49,20+,Legal,Officemanager,BachelorsDegree,USA,85000.00,0.00,0.00,Female
46-49,13,"Education ",Product marketing manager,Bachelor's Degree,CANADA,100000.00,0.00,0.00,Female
42-45,20+,"Healthcare ","Director, patient access ","Some College credit, no degree",USA,104762.00,0.00,0.00,Female
42-45,5,"Education ",Senior HR BUSAiness Partner,Master's Degree,USA,105000.00,0.00,0.00,Female
42-45,17,Events," Director",Bachelor's Degree,USA,106000.00,0.00,0.00,Female
42-45,18,"Engineering ","Marketing Director ",Bachelor's Degree,USA,120000.00,0.00,0.00,Female
42-45,20+,Education,Elementary school principal,Professional Degree,USA,142500.00,0.00,0.00,Female
42-45,17,Police Officer,"Sergeant ",Associate Degree,USA,176000.00,0.00,0.00,Female
42-45,4,"Education ","Education assistant ","High School Graduate, Diploma or the equivalent (e",CANADA,19200.00,0.00,0.00,Female
46-49,3,"Grocery retail ","Full time ","High School Graduate, Diploma or the equivalent (e",USA,32000.00,0.00,0.00,Female
46-49,20+,"Telecommunications ","VP, Partnerships & Alliances ",Master's Degree,USA,250000.00,0.00,0.00,Female
46-49,20+,"Technology ","Executive Assistant ",Bachelor's Degree,USA,89000.00,0.00,0.00,Female
42-45,8,IT,Director of Product Management,Associate Degree,USA,175000.00,0.00,0.00,Female
46-49,20+,Finance,AVP Investment Operations,Bachelor's Degree,USA,125000.00,0.00,0.00,Female
42-45,15,Interior Design,Design Director,Master's Degree,USA,160000.00,0.00,0.00,Female
42-45,10,Grocery,Category manager,Bachelor's Degree,USA,85000.00,0.00,0.00,Female
46-49,5,Publishing,"Associate Director, Product Management ",Bachelor's Degree,USA,125000.00,0.00,0.00,Female
42-45,20+,Healthcare,Nurse Manager,Bachelor's Degree,USA,98000.00,0.00,0.00,Female
42-45,20+,"Healthcare ","Director Informatics ",Master's Degree,USA,140000.00,0.00,0.00,Female
42-45,10,Banking,Training Director,"Some College credit, no degree",USA,86500.00,0.00,0.00,Female
42-45,10,Architecture,Practice Administrator,Bachelor's Degree,USA,53000.00,0.00,0.00,Female
42-45,4,"Manufacturing ",Planner,"Some College credit, no degree",USA,69000.00,0.00,0.00,Female
42-45,13,Government,Claims Specialist,Master's Degree,USA,83500.00,0.00,0.00,Female
46-49,1,It,Proposal writer,Doctorate Degree,USA,85000.00,0.00,0.00,Female
46-49,5,"Retail ","Sr Product Manager ","High School Graduate, Diploma or the equivalent (e",USA,140000.00,0.00,0.00,Female
46-49,20+,Healthcare,Nurse Manager,Bachelor's Degree,USA,119000.00,0.00,0.00,Female
42-45,3,Tech,Analyst,"High School Graduate, Diploma or the equivalent (e",USA,70000.00,0.03,0.00,Female
42-45,14,Public Accounting,N/A,Master's Degree,USA,148000.00,0.03,0.00,Female
42-45,20+,Nonprofit,"Director ",Master's Degree,USA,120000.00,0.03,0.00,Female
42-45,20+,Supply chain,Analyst,Associate Degree,USA,70000.00,0.05,0.00,Female
42-45,19,Import/Shipping/Logistics,Analyst,Associate Degree,USA,90000.00,0.06,0.00,Female
42-45,16,Software Engineering,Quality Engineering Manager,Bachelor's Degree,USA,140000.00,0.07,0.00,Female
42-45,14,Telecommunications,Senior BUSAiness Planning Analyst,Associate Degree,USA,91500.00,0.10,0.00,Female
42-45,14,Manufacturing,"Director ",Master's Degree,USA,125000.00,0.10,0.00,Female
42-45,16,Tech,QA Manager,Bachelor's Degree,USA,147000.00,0.10,0.00,Female
42-45,8,Tech,"Product manager ",Bachelor's Degree,ENGLAND,65000.00,0.12,0.00,Female
42-45,15,Corporate Retail,Manager of Operations and Planning,Bachelor's Degree,USA,125000.00,0.12,0.00,Female
42-45,20+,Fashion,Manager Trend: Color Concept Materials Print,Associate Degree,USA,150000.00,0.12,0.00,Female
42-45,20+,Management,"Retail store manager ",Associate Degree,USA,80000.00,0.15,0.00,Female
42-45,20+,"Food distribution ",Account Manager,Bachelor's Degree,USA,96000.00,0.15,0.00,Female
46-49,15,"Food Manufacturing ",CUSAtomer Facing Sr Manager,Bachelor's Degree,USA,135000.00,0.15,0.00,Female
42-45,20+,Healthcare,Director Sales Operations,"Some College credit, no degree",USA,145000.00,0.15,0.00,Female
42-45,19,"In hoUSAe counsel- transportation ","Senior counsel ",Professional Degree,USA,150000.00,0.15,0.00,Female
42-45,15,Life Sciences,"Director, External Reporting",Professional Degree,USA,165000.00,0.15,0.00,Female
46-49,20+,CPG,Director Salea,Bachelor's Degree,USA,102000.00,0.20,0.00,Female
42-45,20+,Tech,"Product Trainer ","Some College credit, no degree",USA,106000.00,0.20,0.00,Female
42-45,20+,"Appliance Manufacturer ","Manager, Procurement",Bachelor's Degree,USA,117000.00,0.20,0.00,Female
46-49,20+,"Chemical Distribution ",Senior Manager of Real Estate - Global,Bachelor's Degree,USA,142000.00,0.20,0.00,Female
42-45,20+,"Automotive ",Director,Master's Degree,USA,150000.00,0.20,0.00,Female
46-49,20+,N/A,N/A,"Some College credit, no degree",USA,160000.00,0.20,0.00,Female
42-45,20+,Media,VP BUSAiness Dev,Bachelor's Degree,USA,180000.00,0.20,0.00,Female
46-49,20+,Tech,Director,Master's Degree,USA,270000.00,0.30,50000.00,Female
46-49,20+,tech,product manager,Bachelor's Degree,CANADA,140000.00,10.00,0.00,Female
42-45,19,Education,Teacher,Master's Degree,USA,49900.00,50.00,0.00,Female
42-45,16,"Food ",Director,Master's Degree,USA,384800.00,50.00,0.00,Female
42-45,19,Electronics Manufacturing,Training Development Manager,Bachelor's Degree,USA,140000.00,100.00,0.00,Female
42-45,20+,Education,"Middle school teacher ",Master's Degree,USA,96495.00,120.00,0.00,Female
42-45,5,Bookkeeping,Bookkeeper,Bachelor's Degree,USA,27500.00,200.00,0.00,Female
42-45,15,Fuel oil sales,Sr HR Generalist,Associate Degree,USA,81000.00,200.00,0.00,Female
42-45,12,Accounts Payable,Accounts payable,"Trade, Technical, Vocational Training",CANADA,87360.00,300.00,0.00,Female
46-49,20+,Healthcare,ISO,Bachelor's Degree,USA,82500.00,400.00,0.00,Female
46-49,13,"Education ","Classroom assistant ",Associate Degree,USA,17000.00,500.00,0.00,Female
46-49,20+,"Education ","College Advisor ","Some College credit, no degree",USA,65000.00,500.00,0.00,Female
42-45,1,Insurance,Project Manager,Doctorate Degree,USA,80000.00,500.00,0.00,Female
46-49,20+,Computer Software,VP Sales,Bachelor's Degree,USA,175000.00,500.00,0.00,Female
42-45,20+,N/A,"Program Coordinator ",Bachelor's Degree,USA,102000.00,900.00,0.00,Female
42-45,12,"Ministry ","Associate Director ",Master's Degree,USA,62000.00,950.00,0.00,Female
42-45,3,Construction,IT Operations Assistant,Bachelor's Degree,USA,24000.00,1000.00,0.00,Female
46-49,20+,Childcare,"Nanny hoUSAe manager ","Some College credit, no degree",USA,62000.00,1000.00,0.00,Female
46-49,12,Law,"Marketing Coordinator ",Doctorate Degree,USA,63000.00,1000.00,0.00,Female
46-49,20+,Law,Paralegal,Associate Degree,USA,68000.00,1000.00,0.00,Female
46-49,20+,"Education ",Technology Integrator,Master's Degree,USA,69000.00,1000.00,0.00,Female
42-45,20+,"Education ","Assistant Director ",Master's Degree,USA,74000.00,1000.00,0.00,Female
42-45,20+,"Real estate ",Senior manager,"Some College credit, no degree",USA,85000.00,1000.00,0.00,Female
46-49,20+,Healthcare,Nurse,Bachelor's Degree,USA,105000.00,1000.00,0.00,Female
46-49,20+,"Insurance ","Account executive ",Associate Degree,USA,97000.00,1000.00,0.00,Female
42-45,15,"Utility ","Senior BUSAiness Operations Specialist  ",Bachelor's Degree,USA,101850.00,1000.00,0.00,Female
42-45,13,Banking,"Bank teller ","High School Graduate, Diploma or the equivalent (e",USA,40300.00,1200.00,0.00,Female
42-45,17,"Healthcare ","Medical Assistant ","Trade, Technical, Vocational Training",USA,57000.00,1200.00,0.00,Female
42-45,10,"HIT ","Application support technician ","Trade, Technical, Vocational Training",USA,62000.00,1200.00,0.00,Female
42-45,16,Retail,Store Manager,Associate Degree,USA,67000.00,1200.00,0.00,Female
42-45,20+,Venture Capitalist,"Executive Assistant ","Some College credit, no degree",USA,72201.00,1200.00,0.00,Female
42-45,20+,Legal,Paralegal,Bachelor's Degree,USA,76000.00,1200.00,0.00,Female
42-45,20+,Insurance,"Analyst ",Bachelor's Degree,USA,46000.00,1300.00,0.00,Female
46-49,13,"Insurance ","Account manager ","Some College credit, no degree",USA,62200.00,1500.00,0.00,Female
42-45,20+,"Insurance ","Account Manager ","High School Graduate, Diploma or the equivalent (e",USA,73008.00,1500.00,0.00,Female
46-49,20+,"Retail - email Marketing ",N/A,Bachelor's Degree,USA,72000.00,2000.00,0.00,Female
42-45,20+,"Employee Benefits/Insurance ",Benefit Consultant,"Some College credit, no degree",USA,72000.00,2000.00,0.00,Female
42-45,10,"Non profit ","People Operation Associate ",Bachelor's Degree,USA,80000.00,2000.00,0.00,Female
42-45,15,Healthcare,IT Analyst,Associate Degree,USA,129000.00,2000.00,0.00,Female
42-45,20+,Insurance,"Account manager ",Bachelor's Degree,USA,63000.00,2009.00,0.00,Female
42-45,16,Teaching,"English teacher ",Master's Degree,"BELGIUM ",72000.00,2200.00,0.00,Female
42-45,12,"Federal government ","Program  Manager ",Bachelor's Degree,USA,80000.00,2500.00,0.00,Female
42-45,17,"Healthcare ",Imaging Informatics Manager,Bachelor's Degree,USA,82000.00,2500.00,0.00,Female
42-45,14,"Systems Operations ","BUSAiness Analyst ",Master's Degree,USA,112500.00,2500.00,0.00,Female
46-49,3,"Human Resources ","Talent Acquisition Specialist ","Some College credit, no degree",USA,50000.00,2700.00,0.00,Female
46-49,20+,Medical Insurance,Provider Enrollment Lead,"Some College credit, no degree",USA,58000.00,3000.00,0.00,Female
46-49,20+,"Education ","Teacher ",Master's Degree,USA,59000.00,3000.00,0.00,Female
42-45,20+,"Commercial Banking ",Manager,Bachelor's Degree,USA,62000.00,3000.00,0.00,Female
42-45,11,"Healthcare ",Practice Manager,Bachelor's Degree,USA,75000.00,3000.00,0.00,Female
42-45,15,Non profit -environmental conservation,"Senior Program Officer ",Master's Degree,USA,91000.00,3000.00,0.00,Female
42-45,15,Tranist,"Purchasing and contract specialist ",Bachelor's Degree,USA,94000.00,3000.00,0.00,Female
42-45,3,Medical communications,Medical writer,Doctorate Degree,USA,95000.00,3000.00,0.00,Female
42-45,15,"Tourism ","Director ",Master's Degree,USA,104900.00,3000.00,0.00,Female
42-45,15,"Manufacturing ",Sr Pricing Anslyst,"High School Graduate, Diploma or the equivalent (e",USA,105000.00,3000.00,0.00,Female
42-45,2,Technology,Scrum Master,"Some College credit, no degree",USA,115000.00,3000.00,0.00,Female
42-45,20+,401k,VP,Bachelor's Degree,USA,120000.00,3000.00,0.00,Female
42-45,13,"401(k) Administration ","Senior ERISA Consultant ",Bachelor's Degree,USA,150000.00,3000.00,0.00,Female
42-45,13,"Retirement ","Sr Account Manager ","Some College credit, no degree",USA,83000.00,3500.00,0.00,Female
46-49,5,"Aviation ","Inflight Base Supervisor ",Associate Degree,USA,55000.00,4000.00,2000.00,Female
46-49,15,"Health ",Director,Bachelor's Degree,ENGLAND,59000.00,4000.00,0.00,Female
46-49,20+,"Pharmacy benefit management ","Pharmacy technician ","Trade, Technical, Vocational Training",USA,60000.00,4000.00,0.00,Female
42-45,20+,Finance,Lead financial analyst,Professional Degree,USA,92000.00,4000.00,0.00,Female
42-45,8,Healthcare,BUSAiness Intelligence Manager,Bachelor's Degree,USA,104000.00,4000.00,10000.00,Female
46-49,20+,Hospital,"Senior Accountant ",Bachelor's Degree,USA,81998.00,4300.00,0.00,Female
42-45,10,Food Production,Credit Supervisor,Associate Degree,CANADA,65000.00,4500.00,0.00,Female
42-45,17,"Employee Benefits Broker ",Senior Account Manager,Associate Degree,USA,70923.66,4500.00,0.00,Female
42-45,19,IT,IT manager,Master's Degree,USA,122000.00,4500.00,0.00,Female
46-49,20+,"Sales assistant ","Sales specialist ",Associate Degree,USA,40000.00,5000.00,0.00,Female
42-45,10,"Insurance ","Project Manager ","Some College credit, no degree",USA,50000.00,5000.00,0.00,Female
42-45,20+,Fleet Management,Fleet Operation Specialist,Bachelor's Degree,USA,63000.00,5000.00,0.00,Female
46-49,16,"Restaurant ",Assistant Manager,"Some College credit, no degree",USA,65000.00,5000.00,0.00,Female
42-45,11,"Nurse ",Nurse,Associate Degree,USA,65000.00,5000.00,0.00,Female
42-45,3,Construction,"Office manager ",Bachelor's Degree,USA,70000.00,5000.00,0.00,Female
42-45,16,"Finance ","Vendor Manager ",Bachelor's Degree,USA,78000.00,5000.00,0.00,Female
46-49,2,Mortgage,ProjectManager,"SomeCollegecredit,nodegree",USA,80000.00,5000.00,0.00,Female
42-45,14,"Banking ",Senior Tax Analyst,"Some College credit, no degree",USA,84000.00,5000.00,0.00,Female
42-45,15,Healthcare,Graphic Designer,Bachelor's Degree,USA,84000.00,5000.00,0.00,Female
42-45,20+,Nursing,"Nurse Case Manager ",Bachelor's Degree,USA,87500.00,5000.00,0.00,Female
42-45,10,Finace,Solutions Advisor,Bachelor's Degree,USA,90000.00,5000.00,1000.00,Female
42-45,15,"Hospitality ",Director of hr,Bachelor's Degree,USA,90000.00,5000.00,0.00,Female
42-45,9,Healthcare,"Family Nurse Practitioner ",Master's Degree,USA,100000.00,5000.00,0.00,Female
42-45,20+,Commercial Furniture,Director of Project Management,"Some College credit, no degree",USA,100000.00,5000.00,0.00,Female
46-49,20+,Insurance,Risk Management Assistant Directir,Master's Degree,USA,109028.00,5000.00,0.00,Female
42-45,17,"Healthcare finance ",Healthcare revenue cycle performance manager,Associate Degree,USA,110000.00,5000.00,0.00,Female
46-49,15,"Technology ","Project Manager ",Bachelor's Degree,USA,112000.00,5000.00,0.00,Female
46-49,20+,Technology,Communications Manager,Master's Degree,USA,113000.00,5000.00,0.00,Female
46-49,20+,Non Profit,Chief Financial Officer,Master's Degree,USA,135000.00,5000.00,0.00,Female
42-45,18,Legal,Attorney,Doctorate Degree,USA,142500.00,5000.00,0.00,Female
46-49,9,"Manufacturing ",CFO,"Some College credit, no degree",USA,147000.00,5000.00,0.00,Female
46-49,20+,Banking,Treasury Management Sales Consultant,"Some College credit, no degree",USA,180000.00,5000.00,0.00,Female
42-45,15,"Real Estate Development ",Project Manager,Bachelor's Degree,USA,86000.00,5000.00,0.00,Female
46-49,20+,Tech,"Account Executive ","Some College credit, no degree",USA,130000.00,5000.00,10000.00,Female
42-45,15,"Marketing ",Content Creator,Bachelor's Degree,USA,105000.00,5300.00,0.00,Female
46-49,20+,Medical,Finance Invoicing,"Some College credit, no degree",USA,60320.00,6000.00,0.00,Female
42-45,10,Telecom,"Manager, CUSAtomer Care",Associate Degree,CANADA,65000.00,6000.00,0.00,Female
42-45,20+,"Restaurant ","District Manager ","High School Graduate, Diploma or the equivalent (e",USA,74000.00,6000.00,0.00,Female
42-45,8,Human Resources,"Talent Acquisition, Sr. Recruiter",Bachelor's Degree,USA,75000.00,6000.00,0.00,Female
42-45,10,Healthcare,Operations Manager,"Some College credit, no degree",USA,80000.00,6000.00,0.00,Female
46-49,20+,Insurance,Program Consultant,Associate Degree,USA,82300.00,6000.00,0.00,Female
46-49,20+,N/A,Controller,Bachelor's Degree,USA,90000.00,6000.00,0.00,Female
42-45,13,Health insurance,N/A,Master's Degree,USA,93000.00,6000.00,0.00,Female
46-49,20+,"Non profit ","Associate Director- Member Care ",Bachelor's Degree,USA,103000.00,6000.00,0.00,Female
42-45,15,Defense contractor/HR,"Recruiting Manager ",Bachelor's Degree,USA,140000.00,6000.00,0.00,Female
46-49,6,"Food Service ","Account Executive ","High School Graduate, Diploma or the equivalent (e",USA,82800.00,6500.00,0.00,Female
46-49,15,Risk,"Vendor Management ",Bachelor's Degree,USA,72000.00,7000.00,0.00,Female
42-45,15,"Nursing ",Senior quality compliance nurse professional,Bachelor's Degree,USA,91000.00,7000.00,0.00,Female
46-49,20+,"Advertising ",Senior Director of Media Strategy,Master's Degree,USA,100000.00,7000.00,0.00,Female
46-49,15,Healthcare,Manager,Bachelor's Degree,USA,109000.00,7000.00,0.00,Female
42-45,5,Fintech,HR Manager,"Some College credit, no degree",USA,71000.00,7100.00,0.00,Female
42-45,20+,"Licensing ","Technical generalist ","Some College credit, no degree",USA,62500.00,7500.00,0.00,Female
46-49,20+,Law Enforcement,"Detective ",Bachelor's Degree,USA,151000.00,7500.00,0.00,Female
46-49,20+,Mortgage,Loan processor,"Some College credit, no degree",USA,78000.00,7800.00,12000.00,Female
46-49,10,"Automotive manufacturing ","Area Manager ",Bachelor's Degree,USA,72000.00,8000.00,5000.00,Female
46-49,15,Ed tech,"CUSAtomer Operations Manager ",Bachelor's Degree,USA,72000.00,8000.00,0.00,Female
42-45,13,Hospitality Marketing,Marketing Manager,Bachelor's Degree,USA,82000.00,8000.00,0.00,Female
46-49,20+,Medical Devices/Corporate Healthcare,Associate Program Manager,"Some College credit, no degree",USA,96000.00,8000.00,0.00,Female
42-45,20+,"Software ",Product Marketing,Bachelor's Degree,USA,150000.00,8000.00,0.00,Female
42-45,12,"Management Consulting ",Manager,Master's Degree,USA,177000.00,8000.00,7500.00,Female
42-45,15,"Logistics ","Senior HR BUSAiness Partner ",Bachelor's Degree,USA,86000.00,8600.00,0.00,Female
42-45,20+,Biopharma,"Associate BUSAiness Systems Consultant ",Bachelor's Degree,USA,110000.00,8800.00,0.00,Female
42-45,20+,Insurance,Client Relationship Manager,Bachelor's Degree,USA,97000.00,9500.00,0.00,Female
42-45,20+,"Medical device ",Senior Quality Engineer,Bachelor's Degree,USA,96000.00,9600.00,0.00,Female
46-49,20+,Real estate,Director of operations,Bachelor's Degree,USA,50000.00,10000.00,0.00,Female
42-45,19,Residential Asset Management,Asset Manager,"Some College credit, no degree",USA,65000.00,10000.00,0.00,Female
42-45,3,"Logistics ","Manager ","Some College credit, no degree",USA,75000.00,10000.00,0.00,Female
42-45,20+,Fiancé,"Executive Assistant ","High School Graduate, Diploma or the equivalent (e",USA,83000.00,10000.00,0.00,Female
42-45,13,"Utility Aviation ",General Manager,"Some College credit, no degree",USA,88500.00,10000.00,0.00,Female
46-49,16,"Insurance case management ","RN Supervisor ",Bachelor's Degree,USA,95000.00,10000.00,0.00,Female
42-45,7,Financial services,BUSAiness Systems Anslyst,Bachelor's Degree,USA,97500.00,10000.00,0.00,Female
42-45,16,"Insurance ",Account Executive/ Broker,Associate Degree,USA,100000.00,10000.00,0.00,Female
42-45,20+,Legal,"Accounting Manager ",Bachelor's Degree,USA,100000.00,10000.00,0.00,Female
46-49,15,"Healthcare ",Sr. BUSAiness Analyst,"Some College credit, no degree",USA,102000.00,10000.00,5000.00,Female
46-49,20+,"Consulting ",Project manager corporate real estate,"Some College credit, no degree",USA,108000.00,10000.00,0.00,Female
42-45,10,"Non profit, tech",VP,"Some College credit, no degree",USA,115000.00,10000.00,0.00,Female
42-45,20+,Retail,Inventory Accounting Manager,Bachelor's Degree,USA,120000.00,10000.00,0.00,Female
42-45,17,Law,Lawyer,Doctorate Degree,USA,120000.00,10000.00,0.00,Female
42-45,20+,IT,"Project Manager ",Bachelor's Degree,USA,125000.00,10000.00,0.00,Female
46-49,20+,Tech,Complex Deal strategy manager,Doctorate Degree,USA,128000.00,10000.00,0.00,Female
42-45,20+,"Health insurance ",Manager,"High School Graduate, Diploma or the equivalent (e",USA,135000.00,10000.00,0.00,Female
42-45,15,Tech,Agile Coach,Bachelor's Degree,USA,140000.00,10000.00,0.00,Female
42-45,20+,"Nonprofit ","CEO ",Doctorate Degree,USA,175000.00,10000.00,0.00,Female
42-45,20+,"Communication ","Senior vice President  ",Bachelor's Degree,USA,195000.00,10000.00,0.00,Female
42-45,18,Fashion design,Director,Bachelor's Degree,USA,196000.00,10000.00,0.00,Female
46-49,20+,"Assistant ","Executive Assistant ","Some College credit, no degree",USA,145000.00,10000.00,0.00,Female
42-45,20+,Retail,Regional Manager,Bachelor's Degree,USA,126500.00,11500.00,0.00,Female
42-45,6,Banking,Loan Processor,"Some College credit, no degree",USA,58000.00,12000.00,0.00,Female
42-45,20+,"Senior living sales ",Director of Sales,No Schooling Completed,USA,82000.00,12000.00,0.00,Female
42-45,20+,"Microelectronics ",Sr Marketing Manager,Master's Degree,USA,123000.00,12300.00,0.00,Female
42-45,10,Healthcare,Management,Bachelor's Degree,USA,125000.00,12500.00,0.00,Female
42-45,17,Banking,VP/Branch Manager,Bachelor's Degree,USA,78000.00,13000.00,0.00,Female
42-45,17,Property Management,Senior Property Manager,Bachelor's Degree,USA,97500.00,13000.00,0.00,Female
42-45,12,"Restaurant ",AGM,"Some College credit, no degree",USA,78000.00,13500.00,0.00,Female
46-49,20+,Real Estate,Apartment Manager,"High School Graduate, Diploma or the equivalent (e",USA,75000.00,14400.00,0.00,Female
42-45,15,Pet Food,Territory Sales Manager,"Some College credit, no degree",USA,93500.00,15000.00,0.00,Female
46-49,10,Finance,Wealth Management Client Associate,"Some College credit, no degree",USA,100000.00,15000.00,0.00,Female
42-45,15,Ed-tech,Support Manager,Master's Degree,USA,104000.00,15000.00,0.00,Female
42-45,20+,Public relations,Sr. Communications Manager,Bachelor's Degree,USA,104000.00,15000.00,0.00,Female
42-45,18,CUSAtomer Insights,Director,Master's Degree,USA,107000.00,15000.00,0.00,Female
42-45,10,Construction,"Director of People Development ",Master's Degree,USA,125000.00,15000.00,0.00,Female
46-49,5,"Medical Insurance ",Scrum Master,"High School Graduate, Diploma or the equivalent (e",USA,133000.00,15000.00,0.00,Female
42-45,20+,Life insurance,IT Engineering Director,Bachelor's Degree,USA,134000.00,15000.00,0.00,Female
42-45,15,Ed tech,Partnership Director,Master's Degree,USA,134000.00,15000.00,0.00,Female
46-49,15,"Pharmaceutical ","Project manager ",Bachelor's Degree,CANADA,135000.00,15000.00,0.00,Female
42-45,20+,"Insurance ","Director of Underwriting ",Bachelor's Degree,USA,140000.00,15000.00,0.00,Female
42-45,15,Tech,N/A,Bachelor's Degree,USA,142500.00,15000.00,5000.00,Female
42-45,10,Accounting,Accountant,Bachelor's Degree,USA,85000.00,15000.00,0.00,Female
42-45,15,IT,Program Manager,Bachelor's Degree,USA,155000.00,15500.00,0.00,Female
46-49,14,Real estate,Senior Corporate Accountant,Master's Degree,USA,80000.00,16000.00,0.00,Female
42-45,20+,Book Publishing,"National Account Manager ","Some College credit, no degree",USA,89000.00,16000.00,0.00,Female
42-45,10,Finance,"Program leader finance ",Master's Degree,USA,110000.00,16000.00,5000.00,Female
42-45,20+,"Manufacturing ","Finance manager ",Master's Degree,USA,113300.00,16000.00,0.00,Female
46-49,5,Mortgage,Closing manager,"Some College credit, no degree",USA,76000.00,17000.00,0.00,Female
46-49,20+,N/A,"Abp ",Bachelor's Degree,USA,100000.00,17000.00,0.00,Female
42-45,20+,"Manufacturing ",Marketing Manager,Bachelor's Degree,USA,117000.00,17000.00,0.00,Female
46-49,20+,"Tech ","CUSAtomer success manager ","Some College credit, no degree",NEW ZEALAND,95000.00,18000.00,0.00,Female
42-45,20+,"Saas ","CUSAtomer success executive ",Master's Degree,USA,128000.00,18000.00,0.00,Female
46-49,10,Tech,Director Marketing,Bachelor's Degree,USA,160000.00,18000.00,0.00,Female
42-45,20+,Tech,Senior USAer Experience Designer,Master's Degree,USA,165009.00,18000.00,0.00,Female
42-45,20+,"Non profit ",Senior Managing Director,Master's Degree,USA,178500.00,18000.00,0.00,Female
42-45,14,Technology,Senior Manager,Bachelor's Degree,USA,223600.00,18000.00,0.00,Female
42-45,20+,"Non profit ",CEO,Master's Degree,USA,178500.00,19000.00,0.00,Female
46-49,1,Benefits,Benefits account manager,Associate Degree,USA,50000.00,20000.00,0.00,Female
42-45,15,Multifamily,"Property Manager ","Some College credit, no degree",USA,70000.00,20000.00,0.00,Female
42-45,17,"Construction ","Analyst ","Trade, Technical, Vocational Training",USA,85000.00,20000.00,0.00,Female
42-45,15,Legal,Paralegal,Associate Degree,USA,85000.00,20000.00,0.00,Female
46-49,12,Interior design,"Sales ",Bachelor's Degree,USA,115000.00,20000.00,0.00,Female
42-45,20+,Healthcare,Sr HR BUSAiness Partner,Bachelor's Degree,USA,129000.00,20000.00,0.00,Female
42-45,20+,"Gaming ",Executive Assistant to C level,Bachelor's Degree,USA,130000.00,20000.00,0.00,Female
42-45,8,Commercial Real Estate,Asset Manager,Bachelor's Degree,USA,135000.00,20000.00,0.00,Female
46-49,6,Tech,Program Manager,"Some College credit, no degree",USA,140000.00,20000.00,10000.00,Female
42-45,10,"Tech ","Senior Recruiter ",Master's Degree,USA,165000.00,20000.00,0.00,Female
42-45,19,Real estate,Project manager,Bachelor's Degree,USA,170000.00,20000.00,0.00,Female
42-45,10,E commerce,BUSAiness owner and operator,"Some College credit, no degree",AUSTRALIA,184000.00,20000.00,0.00,Female
42-45,20+,"Technology ","Director, Environmental, Social & Governance ",Master's Degree,USA,190000.00,20000.00,10000.00,Female
42-45,13,Oil and Gas,"Sr. Risk Analyst ",Master's Degree,USA,120000.00,20000.00,0.00,Female
46-49,20+,Pharma,Manager Equity & Payroll,"Some College credit, no degree",USA,140000.00,21000.00,0.00,Female
46-49,15,"Clinical Research ","Project Director ",Bachelor's Degree,USA,175000.00,21000.00,10000.00,Female
46-49,20+,Food & Beverage,Senior Manager,"High School Graduate, Diploma or the equivalent (e",USA,145000.00,21750.00,0.00,Female
46-49,20+,Banking,Sr Associate,Associate Degree,USA,92500.00,22000.00,0.00,Female
46-49,1,Tech,"Solutions Architect ",Bachelor's Degree,USA,102000.00,22000.00,25000.00,Female
42-45,10,Healthcare,Regional Sales Manager,Bachelor's Degree,USA,108000.00,22000.00,0.00,Female
46-49,20+,Finance,Relationship Manager,Bachelor's Degree,USA,110000.00,22000.00,0.00,Female
42-45,20+,Tech,"HR Partner ",Master's Degree,USA,133000.00,22610.00,0.00,Female
42-45,16,Pharmacuetical Sales,Pharmacuetical Sales Rep,Bachelor's Degree,USA,116000.00,23000.00,0.00,Female
42-45,5,"Insurance ",Lead BUSAiness Process Owner,Master's Degree,USA,116400.00,24000.00,0.00,Female
42-45,13,Retail,"HR director ","Some College credit, no degree",USA,122000.00,24000.00,0.00,Female
46-49,20+,"Renewable Energy ",Senior manager,Master's Degree,USA,170000.00,24000.00,0.00,Female
42-45,15,Pharma,Legal Manager,Bachelor's Degree,USA,120000.00,24000.00,0.00,Female
42-45,20+,Sales,"Salesman ",N/a,USA,60000.00,25000.00,0.00,Female
42-45,10,Healthcare IT,CUSAtomer Success Manager,Bachelor's Degree,USA,100000.00,25000.00,0.00,Female
42-45,20+,Legal,Paralegal,Bachelor's Degree,USA,102000.00,25000.00,0.00,Female
42-45,14,Law,Staff Attorney,Professional Degree,USA,110000.00,25000.00,0.00,Female
46-49,20+,N/A,N/A,"Some College credit, no degree",USA,140000.00,25000.00,0.00,Female
46-49,20+,Financial services,VP marketing,Bachelor's Degree,USA,150000.00,25000.00,0.00,Female
42-45,20+,Finance,"Director of Marketing ",Master's Degree,USA,150000.00,25000.00,0.00,Female
42-45,20+,Legal and Compliance Consulting,Managing Director Marketing,Bachelor's Degree,USA,190000.00,25000.00,0.00,Female
42-45,20+,"E-commerce ","Senior supply chain manager ",Master's Degree,USA,135000.00,26000.00,7000.00,Female
42-45,3,Real Estate,N/A,"Some College credit, no degree",USA,50000.00,30000.00,0.00,Female
42-45,18,Fintech,"Regional manager ","Some College credit, no degree",USA,96000.00,30000.00,0.00,Female
42-45,15,Biotech,Principle Scientist,Bachelor's Degree,USA,121000.00,30000.00,0.00,Female
42-45,20+,"Mortgage ",Consultant,"High School Graduate, Diploma or the equivalent (e",USA,130000.00,30000.00,0.00,Female
42-45,10,"Marketing ","Associate director of marketing ",Bachelor's Degree,CANADA,145000.00,30000.00,0.00,Female
42-45,20+,"Finance ",Manager,Bachelor's Degree,USA,145000.00,30000.00,0.00,Female
42-45,20+,Law,Partner,Professional Degree,USA,160000.00,30000.00,0.00,Female
42-45,20+,Healthcare IT,"IT director ",Master's Degree,USA,225000.00,30000.00,0.00,Female
42-45,20+,Finance/banking,"Marketing program manager ",Bachelor's Degree,USA,120000.00,30009.00,0.00,Female
42-45,5,Information Technology/ Software,Principal Product Manager,Bachelor's Degree,USA,205000.00,30750.00,50000.00,Female
42-45,13,"Pharmaceutical ",Senior finance manager,Master's Degree,USA,142000.00,31240.00,0.00,Female
42-45,15,"Financial ",Manager,Associate Degree,USA,115000.00,35000.00,0.00,Female
42-45,18,"Marketing ","Senior Director ",Bachelor's Degree,USA,136000.00,35000.00,0.00,Female
42-45,4,Tech,Senior Technical Program Manager,"Some College credit, no degree",USA,140500.00,35000.00,0.00,Female
42-45,17,Oil & Gas,Talent Management Advisor,Master's Degree,USA,145000.00,35000.00,0.00,Female
42-45,11,Life sciences,HR BUSAiness Partner,Bachelor's Degree,USA,165000.00,35000.00,0.00,Female
42-45,10,Healthcare,Director of OD,Master's Degree,USA,165000.00,35000.00,10000.00,Female
46-49,20+,Exommerce,SVP Growth,Master's Degree,USA,350000.00,35000.00,10000.00,Female
46-49,20+,"Insurance ","BUSAiness Strategy and Planning Director ",Professional Degree,USA,154000.00,36000.00,15000.00,Female
46-49,20+,N/A,"Communications Director ",Bachelor's Degree,USA,180000.00,36000.00,35000.00,Female
42-45,3,"BigLaw ","Associate ",Doctorate Degree,USA,215000.00,36000.00,0.00,Female
42-45,18,Component manufacturing,Operations manager,Bachelor's Degree,USA,75000.00,40000.00,0.00,Female
46-49,20+,Retail,"Store Manager ","Some College credit, no degree",USA,180000.00,40000.00,0.00,Female
42-45,18,Television,"Vice President, Legal",Professional Degree,USA,200000.00,40000.00,0.00,Female
42-45,20+,Marketing,SVP Brand Strategy,Bachelor's Degree,USA,268000.00,40000.00,0.00,Female
42-45,20+,Telecom,Director of BUSAiness Intelligence,Bachelor's Degree,USA,164000.00,41000.00,0.00,Female
46-49,10,"Insurance ","Acct manager ",Master's Degree,USA,98000.00,45000.00,15000.00,Female
46-49,20+,"Pharmaceutical sales ","Account manager ",Bachelor's Degree,USA,140000.00,45000.00,0.00,Female
42-45,20+,Retail,Executive,Associate Degree,USA,140000.00,45000.00,0.00,Female
46-49,20+,Technology,License executive,Bachelor's Degree,USA,150000.00,48000.00,0.00,Female
46-49,20+,Chemical,Key account manager,Bachelor's Degree,USA,130000.00,50000.00,0.00,Female
46-49,20+,Real Estate,Controller,Associate Degree,USA,160000.00,50000.00,0.00,Female
46-49,20+,Health insurance,Sr Director Product,Bachelor's Degree,USA,165000.00,50000.00,5000.00,Female
42-45,15,"Management Consulting ",Channel Sales,Master's Degree,USA,166000.00,50000.00,0.00,Female
46-49,20+,Technology,Licensing,Bachelor's Degree,USA,175000.00,50000.00,0.00,Female
46-49,20+,Marketing,N/A,Bachelor's Degree,USA,182000.00,50000.00,0.00,Female
42-45,15,"Manufacturing ",Vice President finance,Master's Degree,USA,185000.00,50000.00,0.00,Female
42-45,20+,Retail,"Director of Analytics ","Some College credit, no degree",USA,200000.00,50000.00,0.00,Female
42-45,20+,"Healthcare consulting ","Vice President ",Master's Degree,USA,210000.00,50000.00,30000.00,Female
42-45,20+,Insurance,SVP,Bachelor's Degree,USA,225000.00,50000.00,0.00,Female
46-49,20+,IOT,VP Digital,Master's Degree,CANADA,265000.00,50000.00,0.00,Female
46-49,20+,Motion Picture/TV Film,Director EHS,"Some College credit, no degree",USA,350000.00,50000.00,50000.00,Female
46-49,20+,Defense/Aircraft Maintenance Consulting,Senior Partner,Master's Degree,USA,700000.00,50000.00,0.00,Female
42-45,10,"Law ","Lawyer ",Doctorate Degree,USA,540000.00,54000.00,0.00,Female
42-45,18,"Software ","Director ",Bachelor's Degree,USA,165000.00,55000.00,0.00,Female
42-45,17,Media,Senior Publicity Manager,Bachelor's Degree,CANADA,80000.00,60000.00,0.00,Female
42-45,20+,"Pharmaceuticals ","Vice President ",Bachelor's Degree,USA,280000.00,60000.00,50000.00,Female
46-49,20+,Retail,Director of Product Management,Master's Degree,USA,190000.00,60000.00,0.00,Female
46-49,20+,"Technologies ","Senior Director ",Bachelor's Degree,USA,205000.00,61000.00,20000.00,Female
42-45,10,Real Estate,Network Director,"Some College credit, no degree",USA,136000.00,62000.00,0.00,Female
42-45,12,"Entertainment ","VP, BUSAiness Affairs",Professional Degree,USA,320000.00,64000.00,20000.00,Female
46-49,20+,Legal,Partner,Professional Degree,USA,NULL,64000.00,0.00,Female
46-49,20+,"Financial services ",N/A,Master's Degree,CANADA,175000.00,65000.00,0.00,Female
42-45,20+,"Biotechnology ","VP, HR",Master's Degree,USA,220000.00,66000.00,0.00,Female
46-49,15,Surgical Sales,Sales Rep,"Some College credit, no degree",CANADA,95000.00,70000.00,0.00,Female
46-49,20+,Technology,"Sales Director ",Master's Degree,USA,135000.00,70000.00,0.00,Female
42-45,20+,IT,VP,Bachelor's Degree,IRELAND,140000.00,70000.00,0.00,Female
46-49,20+,Tech,Sr engineering manager,"Some College credit, no degree",USA,175000.00,75000.00,0.00,Female
42-45,20+,Manufacturing,"VP, FP&A",Master's Degree,USA,255000.00,76500.00,0.00,Female
42-45,10,Software Sales,"Account Executive ","Some College credit, no degree",USA,100000.00,80000.00,0.00,Female
42-45,20+,Banking,SVP,Bachelor's Degree,USA,260000.00,80000.00,0.00,Female
42-45,20+,Marketing,"Media Director ",Bachelor's Degree,USA,273000.00,82000.00,0.00,Female
42-45,12,Medical Device Sales,Senior Medical Sales Rep,Bachelor's Degree,USA,92000.00,92000.00,0.00,Female
42-45,20+,Tech,Product manager,Doctorate Degree,USA,205000.00,100000.00,80000.00,Female
46-49,20+,"Technology ","Ceo ",Doctorate Degree,USA,350000.00,100000.00,0.00,Female
42-45,20+,Spa,Owner,Bachelor's Degree,USA,450000.00,100000.00,0.00,Female
46-49,20+,Medical,"Nuroradiologist ",Master's Degree,USA,600000.00,100000.00,0.00,Female
46-49,18,Legal,Attorney,Professional Degree,USA,405000.00,100000.00,0.00,Female
42-45,16,Media/Tech,Director,Associate Degree,CANADA,163000.00,110000.00,0.00,Female
46-49,20+,Consumer Goods,SVP Marketing,Bachelor's Degree,USA,380000.00,125000.00,0.00,Female
42-45,15,Finance,Managing Director,Master's Degree,CANADA,200000.00,130000.00,0.00,Female
46-49,20+,"Real estate ","VP of operations ",Master's Degree,USA,200000.00,150000.00,0.00,Female
46-49,20+,Pharmaceutical,Senior Director,Associate Degree,USA,220000.00,150000.00,0.00,Female
46-49,20+,"Consulting, Finance, Tech, and Communications","Strategy Consultant ",Master's Degree,USA,825000.00,150000.00,0.00,Female
46-49,20+,Tech,SVP,Bachelor's Degree,USA,300000.00,200000.00,0.00,Female
42-45,20+,Escrow,Escrow Officer,"High School Graduate, Diploma or the equivalent (e",USA,120000.00,210000.00,0.00,Female
42-45,20+,"Logistics ",N/A,No Schooling Completed,USA,36000.00,0.00,0.00,Male
42-45,2,"Hospitality ",Chef,"Some College credit, no degree",USA,40000.00,0.00,0.00,Male
42-45,8,Medical,Phlebotomy,"Trade, Technical, Vocational Training",USA,41000.00,0.00,0.00,Male
42-45,6,"Logistics ","Routing analyst ","Some College credit, no degree",USA,47500.00,0.00,0.00,Male
46-49,16,"Facility maintenance ","Building Services Coordinator ","Some College credit, no degree",USA,50000.00,0.00,0.00,Male
42-45,20+,"Automotive ","Mechanic ",Associate Degree,USA,52000.00,0.00,0.00,Male
42-45,20+,Retail,"Store Manager ","High School Graduate, Diploma or the equivalent (e","ENGLAND ",60000.00,0.00,3000.00,Male
42-45,4,Healthcare,Counselor,Master's Degree,USA,60000.00,0.00,0.00,Male
42-45,20+,Education,Educational Coordinator (admin),Master's Degree,USA,68000.00,0.00,0.00,Male
42-45,20+,"Public health ","Coordinator ",Bachelor's Degree,USA,70000.00,0.00,0.00,Male
42-45,20+,"Telecommunications ","Senior Indirect Tax Analyst ","Some College credit, no degree",USA,70000.00,0.00,0.00,Male
42-45,20+,"Ophthalmology ",Ophthalmic Technian,Associate Degree,USA,72000.00,0.00,0.00,Male
42-45,10,Education,Network Specialist,"Some College credit, no degree",CANADA,75000.00,0.00,0.00,Male
46-49,20+,Retail,General Manager,"Some College credit, no degree",USA,75000.00,0.00,0.00,Male
42-45,11,Accounting,Senior Accountant,Master's Degree,USA,77250.00,0.00,0.00,Male
42-45,20+,DJ and Audio visual,Owner,"High School Graduate, Diploma or the equivalent (e",CANADA,80000.00,0.00,0.00,Male
46-49,20+,Non-profit/government,Supervisor,Doctorate Degree,USA,83000.00,0.00,0.00,Male
42-45,11,Architecture,Drafting supervisor,Associate Degree,USA,88000.00,0.00,0.00,Male
46-49,10,Telecom,Network Engineer,Master's Degree,USA,90000.00,0.00,0.00,Male
42-45,9,Marketing,Manager,Master's Degree,USA,90999.00,0.00,0.00,Male
42-45,18,"Government ","Director ",Master's Degree,USA,93000.00,0.00,0.00,Male
46-49,20+,Marketing,Director,Bachelor's Degree,CANADA,95000.00,0.00,0.00,Male
42-45,20+,Education,Computer Product Specialist,Master's Degree,USA,95000.00,0.00,0.00,Male
42-45,20+,Teacher,Teacher,Master's Degree,USA,97000.00,0.00,0.00,Male
42-45,20+,Beauty,Marketing Director,Bachelor's Degree,USA,99000.00,0.00,0.00,Male
42-45,7,"Medical devices ","Mechanical Engineer ",Bachelor's Degree,USA,100000.00,0.00,0.00,Male
42-45,10,Education,Assistant Principal,Master's Degree,USA,100000.00,0.00,0.00,Male
42-45,12,"Construction ",Marketing and Proposal Coordinator,Bachelor's Degree,CANADA,104000.00,0.00,0.00,Male
42-45,18,Medical,Software Developer,Bachelor's Degree,USA,104000.00,0.00,1500.00,Male
42-45,15,Education,"Technical Director ","Trade, Technical, Vocational Training",USA,105000.00,0.00,0.00,Male
46-49,20+,Public safety,Firefighter,Bachelor's Degree,USA,106000.00,0.00,0.00,Male
46-49,20+,Finance,BUSAiness Intelligence Associate,Bachelor's Degree,USA,108000.00,0.00,0.00,Male
42-45,7,"Government ",Risk Management,Bachelor's Degree,USA,109000.00,0.00,0.00,Male
42-45,20+,N/A,N/A,Bachelor's Degree,USA,110000.00,0.00,0.00,Male
42-45,17,"Entertainment ",Manager,Master's Degree,USA,115500.00,0.00,0.00,Male
42-45,20+,tech,sr software engineer,Bachelor's Degree,USA,121000.00,0.00,0.00,Male
46-49,20+,"Aviation ","Aircraft Maintenance Technician ","Trade, Technical, Vocational Training",USA,125000.00,0.00,0.00,Male
42-45,16,"Information Technology ",Senior IT portfolio manager,Associate Degree,USA,126000.00,0.00,0.00,Male
42-45,14,Health Care Consulting,Project Manager,Master's Degree,USA,130000.00,0.00,0.00,Male
42-45,13,Federal Government - Labor,Attorney,Professional Degree,USA,130000.00,0.00,0.00,Male
42-45,17,Fintech,Sr. Developer,Bachelor's Degree,USA,130000.00,0.00,0.00,Male
46-49,20+,"Wastewater ","Maintenance Specialist ",Bachelor's Degree,USA,132000.00,0.00,0.00,Male
42-45,20+,"Technology ",sales,Bachelor's Degree,USA,135000.00,0.00,115000.00,Male
46-49,20+,Tech,TPM,Bachelor's Degree,USA,138000.00,0.00,0.00,Male
42-45,20+,Government l,Sr software engineer,Bachelor's Degree,USA,142000.00,0.00,0.00,Male
42-45,17,"Aerospace ","Senior BUSAiness Operations ",Master's Degree,USA,142000.00,0.00,0.00,Male
46-49,20+,"Engineering/Construction ",Senior Electrical Engineer,Bachelor's Degree,USA,145000.00,0.00,0.00,Male
42-45,15,Enginwer,Senior software engineer,Bachelor's Degree,USA,147000.00,0.00,0.00,Male
42-45,18,"Ad tech ",N/A,Bachelor's Degree,USA,150000.00,0.00,0.00,Male
42-45,7,N/A,"Elevator mechanic ","Trade, Technical, Vocational Training",USA,150000.00,0.00,0.00,Male
42-45,20+,"Philanthropy ","Sr director of programs ",Master's Degree,USA,150000.00,0.00,0.00,Male
46-49,20+,Software,Senior Software Engineer,Master's Degree,USA,150000.00,0.00,0.00,Male
42-45,5,Health,"Acupuncture ",Master's Degree,USA,155000.00,0.00,0.00,Male
42-45,20+,"Software ","Software Director ",Master's Degree,USA,160000.00,0.00,0.00,Male
46-49,20+,Cloud,Principal cloud architect,Master's Degree,USA,160000.00,0.00,0.00,Male
42-45,15,"Construction ","Owner operator ",Master's Degree,USA,175000.00,0.00,0.00,Male
42-45,19,"Healthcare ","Director ",Bachelor's Degree,USA,180000.00,0.00,0.00,Male
42-45,11,Education,Associate Counsel,Doctorate Degree,USA,180000.00,0.00,0.00,Male
46-49,16,Healthcare,Epic Ambulatory Consultant,Bachelor's Degree,USA,190000.00,0.00,0.00,Male
46-49,15,Consulting,Principal Consultant,Bachelor's Degree,USA,240000.00,0.00,0.00,Male
46-49,18,Lawyer,N/A,Professional Degree,USA,385000.00,0.00,0.00,Male
46-49,20+,Legal,Corporate Lawyer,Professional Degree,USA,440000.00,0.00,0.00,Male
46-49,13,Medical,"General Practitioner ",Doctorate Degree,AUSTRALIA,450000.00,0.00,0.00,Male
42-45,20+,Finance,CTO,Professional Degree,USA,575000.00,0.00,0.00,Male
42-45,6,Medicine,Physician,Professional Degree,USA,600000.00,0.00,0.00,Male
42-45,15,Logistics,Truck Company Owner,"Some College credit, no degree",CANADA,NULL,0.00,0.00,Male
42-45,20+,Stock,Hedge fund ceo,Bachelor's Degree,USA,NULL,0.00,0.00,Male
46-49,20+,BUSAiness,"Overseeing financial lines overseas ",Master's Degree,USA,700000.00,0.00,100000.00,Male
42-45,20+,Finance,Managing Director,Doctorate Degree,USA,450000.00,0.00,0.00,Male
42-45,20+,Finance,Partner,Bachelor's Degree,USA,140000.00,0.00,0.00,Male
42-45,9,Higher Education (University),Assistant Teaching Professor (Lecturer),Doctorate Degree,USA,65000.00,0.00,0.00,Male
46-49,15,Commercial investment,ceo,"Some College credit, no degree",USA,NULL,0.00,0.00,Male
42-45,15,Legal,General Counsel,Professional Degree,USA,31200.00,0.00,0.00,Male
46-49,2,IndUSAtrial,Security Operation Manager,"High School Graduate, Diploma or the equivalent (e",AUSTRALIA,170000.00,0.00,0.00,Male
42-45,12,Pharma/Biotech,Medical Director,Doctorate Degree,USA,308000.00,0.00,0.00,Male
42-45,19,Science,"Microbiologist ",Bachelor's Degree,USA,55000.00,0.05,0.00,Male
42-45,20+,Nutrition and fitness,Senior Program Manager,Bachelor's Degree,USA,145000.00,0.15,0.00,Male
42-45,20+,Supply Chain,Sr Mgr Integration,Master's Degree,USA,165000.00,0.15,0.00,Male
46-49,10,Tech,"Engineering Manager ","Some High School, No Diploma",USA,209000.00,0.15,0.00,Male
42-45,20+,"Marketing ",Marketing VP,Master's Degree,USA,185000.00,0.25,0.00,Male
46-49,20+,Marketing,Video producer,Bachelor's Degree,USA,55000.00,100.00,0.00,Male
46-49,20+,"Construction ",Senior partner,Bachelor's Degree,USA,100000.00,200.00,0.00,Male
42-45,10,"Managed services ",Service Delivery Manager,"Some College credit, no degree",USA,57650.00,300.00,0.00,Male
46-49,2,"Legal ","Attorney ",Doctorate Degree,USA,65000.00,1000.00,0.00,Male
46-49,20+,"Engineering ",CAD Technician,"Trade, Technical, Vocational Training",CANADA,94000.00,1000.00,0.00,Male
42-45,7,Sofware enginnering,Sofware engineer,Master's Degree,USA,100000.00,1000.00,0.00,Male
46-49,20+,Retail,Wares Specialist,Master's Degree,USA,24960.00,1200.00,0.00,Male
42-45,15,Engineering,Engineer,Bachelor's Degree,USA,91500.00,2000.00,0.00,Male
46-49,20+,"Retail management ",Store manager,"High School Graduate, Diploma or the equivalent (e",USA,52000.00,4000.00,0.00,Male
42-45,4,Healthcare,OR Supervisor RN,Bachelor's Degree,USA,134000.00,4000.00,0.00,Male
42-45,15,"Government ",Attorney,Professional Degree,USA,172500.00,4000.00,0.00,Male
42-45,19,"Government ","Senior engineer ",Bachelor's Degree,USA,115000.00,4300.00,0.00,Male
46-49,20+,Travel and Tourism,"Instructional Designer ",Master's Degree,USA,76000.00,5000.00,10000.00,Male
42-45,12,"Marketing ",Sr. Manager,"Some College credit, no degree",USA,102000.00,5000.00,0.00,Male
46-49,20+,"Aviation ","Captain ",Master's Degree,USA,335000.00,5000.00,0.00,Male
42-45,15,Government,Mayor,DoctorateDegree,SINGAPORE,250000.00,5000.00,0.00,Male
42-45,20+,IT,Service and Delivery Manager,Bachelor's Degree,USA,149300.00,6000.00,0.00,Male
42-45,10,Supply chain,Operation manager,Master's Degree,USA,80000.00,7000.00,10000.00,Male
46-49,17,"Insurance ","Senior claims examiner ",Bachelor's Degree,USA,101000.00,7000.00,0.00,Male
42-45,20+,"Civil Engineering ",N/A,Bachelor's Degree,USA,165000.00,8000.00,0.00,Male
42-45,20+,PLM Software,"Architect ",Associate Degree,USA,120000.00,8500.00,0.00,Male
42-45,5,IT Secury,N/A,Bachelor's Degree,USA,91000.00,9000.00,0.00,Male
42-45,18,Banking,Senior Vice President of Community Banking,Bachelor's Degree,USA,75000.00,10000.00,0.00,Male
42-45,20+,Information systems,Sr. BUSAiness Analyst,Master's Degree,USA,91000.00,10000.00,5000.00,Male
46-49,20+,"Architecture ","Senior Designer ",Bachelor's Degree,USA,125000.00,10000.00,0.00,Male
42-45,15,Information Technology SAP,Team Lead,Bachelor's Degree,CANADA,145000.00,10000.00,0.00,Male
42-45,2,Medicine,Intervention Cardiology (MD/PhD),Doctorate Degree,USA,500000.00,10000.00,0.00,Male
42-45,20+,"It sales and management ",It sales manager,Bachelor's Degree,USA,115000.00,11500.00,0.00,Male
42-45,10,Wine and Spirits Sales,"State Market Manager ",Bachelor's Degree,USA,80000.00,12000.00,0.00,Male
42-45,20+,Finance,Bank manager,Associate Degree,USA,85000.00,12000.00,0.00,Male
42-45,18,Advertising/Marketing,Creative Director,Master's Degree,USA,118000.00,13000.00,0.00,Male
42-45,20+,Information Technology,Information Security Analyst,Bachelor's Degree,USA,140000.00,13000.00,0.00,Male
42-45,20+,Telecommunications,Operations Manager,"Some College credit, no degree",CANADA,187200.00,13500.00,0.00,Male
46-49,20+,Hospitality,"General Manager ","Some College credit, no degree",USA,62000.00,15000.00,0.00,Male
42-45,20+,Education,"High school college counselor ",Master's Degree,USA,85000.00,15000.00,0.00,Male
42-45,15,Legal,"Legal Specialist ",Bachelor's Degree,USA,110000.00,15000.00,45000.00,Male
46-49,13,Consumer Packaged Goods,CUSAtomer Demand and Replenishment Planner,Bachelor's Degree,USA,110000.00,15000.00,0.00,Male
42-45,3,Telcome,"Software Engineer ",Bachelor's Degree,USA,131310.00,15000.00,0.00,Male
46-49,20+,"Telecommunications ",ICB Pricing manager,Master's Degree,USA,142000.00,15000.00,0.00,Male
42-45,20+,Sales,Manager,Bachelor's Degree,USA,146000.00,15000.00,0.00,Male
42-45,15,Financial Services,"Design, Manager",Bachelor's Degree,USA,149000.00,15000.00,0.00,Male
46-49,20+,Supply Chsin,Vice President,Master's Degree,USA,185000.00,15000.00,4000.00,Male
46-49,20+,Banking,SVP Operations,Master's Degree,USA,188000.00,15000.00,0.00,Male
42-45,20+,Tech,VP of Engineering,Master's Degree,USA,200000.00,15000.00,0.00,Male
42-45,17,Software,Sr. Director QA,Master's Degree,USA,215000.00,15000.00,0.00,Male
42-45,15,Doctor,"Anesthesiologist ",Doctorate Degree,USA,NULL,15000.00,0.00,Male
42-45,10,"Finance ","Mortgage Underwriter ","Some College credit, no degree",USA,110000.00,16000.00,15000.00,Male
46-49,20+,Software,Implementation project manager,"Some College credit, no degree",USA,77000.00,20000.00,0.00,Male
42-45,13,N/A,N/A,Master's Degree,USA,138000.00,20000.00,0.00,Male
42-45,20+,Computers,Engineer,Bachelor's Degree,USA,175000.00,20000.00,50000.00,Male
42-45,20+,Tech,Sr architect,Bachelor's Degree,USA,190000.00,20000.00,0.00,Male
42-45,20+,"Hospitality ",General Manager,Bachelor's Degree,USA,85000.00,22000.00,0.00,Male
42-45,20+,Software,Human Resources BUSAiness Partner,Master's Degree,USA,150000.00,22500.00,0.00,Male
42-45,17,Utilities,Principal,Bachelor's Degree,USA,161000.00,24000.00,0.00,Male
42-45,20+,"Food service ",Executive chef,Associate Degree,USA,115000.00,25000.00,0.00,Male
42-45,20+,"Operations ","Director of Operations ",Bachelor's Degree,USA,120000.00,25000.00,0.00,Male
42-45,11,Banking,Attorney,Professional Degree,USA,130000.00,25000.00,0.00,Male
42-45,15,"Automotive ",Sr Account Manager,"Some College credit, no degree",USA,133250.00,25000.00,2000.00,Male
42-45,19,"Telecommunications ",Director,Bachelor's Degree,USA,140000.00,25000.00,0.00,Male
46-49,20+,"Financial service ",Financial advisor,Bachelor's Degree,USA,500000.00,25000.00,0.00,Male
42-45,20+,consumer electronics,repair service process manager,"High School Graduate, Diploma or the equivalent (e",USA,143000.00,26000.00,0.00,Male
46-49,20+,Advertising,Group Creative Director,Bachelor's Degree,USA,275000.00,27500.00,0.00,Male
46-49,10,"Technology ",App Dev Manager,Bachelor's Degree,USA,100000.00,30000.00,0.00,Male
42-45,20+,Financial,"Head of BUSAiness Development ",Master's Degree,USA,130000.00,30000.00,0.00,Male
42-45,17,Biotech,"Senior scientist ",Master's Degree,USA,141000.00,30000.00,0.00,Male
42-45,20+,Banking,VP,Bachelor's Degree,CANADA,160000.00,30000.00,0.00,Male
42-45,20+,"Banking ",Controller,Master's Degree,USA,170000.00,30000.00,0.00,Male
46-49,20+,"Pharmaceuticals ",Associate Director,Master's Degree,USA,178000.00,30000.00,0.00,Male
46-49,20+,Tech,Product Manager,Bachelor's Degree,USA,190000.00,30000.00,25000.00,Male
46-49,20+,Tv Film,"Vp EHS ",Professional Degree,USA,200000.00,30000.00,20000.00,Male
46-49,6,Software Developer,Senior Software Engineer,Bachelor's Degree,USA,212000.00,30000.00,0.00,Male
42-45,18,"Manufacturing ","Digital management ",Bachelor's Degree,"SINGAPORE ",234000.00,30000.00,0.00,Male
42-45,14,Intelligence,"Director, Counter Terrorism Operations",Master's Degree,CANADA,680000.00,30000.00,0.00,Male
46-49,20+,Software,Engineer,Bachelor's Degree,USA,210000.00,31000.00,0.00,Male
42-45,20+,"Technology ","Program Manager ",Master's Degree,USA,127000.00,35000.00,0.00,Male
42-45,20+,Finance,Chief Information Officer,Bachelor's Degree,USA,165000.00,35000.00,0.00,Male
42-45,20+,Pharma,Head sUSAtainability and EHS,Bachelor's Degree,USA,188000.00,36000.00,0.00,Male
42-45,16,"IT / Network engineer ",Senior staff network engineer,Bachelor's Degree,USA,200000.00,40000.00,20000.00,Male
46-49,20+,"Cybersecurity ","Vice President, engineering",Bachelor's Degree,USA,220000.00,40000.00,0.00,Male
46-49,17,Medical,"Pediatric Cardio Surgeon ",Doctorate Degree,USA,432800.00,40000.00,14000.00,Male
42-45,20+,Banking,SVP- Sr Portfolio Manager,Master's Degree,USA,135000.00,41000.00,10000.00,Male
42-45,20+,Real Estate,Managing Director,Bachelor's Degree,USA,205000.00,42000.00,0.00,Male
42-45,20+,Tech,"Director Cloud Solutions ",Bachelor's Degree,USA,85000.00,45000.00,0.00,Male
42-45,14,Video Game,UI Art Director,Bachelor's Degree,USA,200000.00,45000.00,20000.00,Male
46-49,20+,"Healthcare ",Vp engineering,Bachelor's Degree,USA,225000.00,45000.00,0.00,Male
42-45,20+,Pharmacy,Director,Professional Degree,USA,230000.00,45000.00,0.00,Male
46-49,10,Ban000ing,HeadofCorporateandInstitutionalTradeandFinance,MastersDegree,USA,60000.00,50000.00,70000.00,Male
46-49,10,"Entertainment ","VP social media ",Bachelor's Degree,USA,150000.00,50000.00,0.00,Male
42-45,11,"Technology ",Hospitality Guru,Bachelor's Degree,USA,155000.00,50000.00,0.00,Male
42-45,20+,Tech,Tpm,Professional Degree,USA,160000.00,50000.00,0.00,Male
42-45,12,Financial Services,VP,Master's Degree,CANADA,225000.00,50000.00,0.00,Male
46-49,20+,Construction Management,Preconstruction Manager,Bachelor's Degree,USA,300000.00,50000.00,0.00,Male
42-45,20+,Airline,"Captain ",Bachelor's Degree,USA,450000.00,50000.00,0.00,Male
42-45,20+,Medical Care,Veterinarian/BUSAiness Owner,Master's Degree,USA,500000.00,50000.00,0.00,Male
42-45,16,"Medical Devices ",Territory Manager,Master's Degree,USA,195500.00,52000.00,0.00,Male
46-49,20+,Sales,"Director ",Master's Degree,ENGLAND,200000.00,55000.00,0.00,Male
42-45,20+,Technology,Senior Director,Master's Degree,USA,250000.00,55000.00,0.00,Male
46-49,20+,Cyber,Director,Master's Degree,USA,265000.00,58000.00,0.00,Male
42-45,16,Fire/Security/Safety,Operations Manager,Master's Degree,USA,145000.00,60000.00,0.00,Male
46-49,20+,Financial services,Risk Director,Master's Degree,USA,235000.00,60000.00,0.00,Male
42-45,20+,Manufacturing,Head of Supply Chain,Associate Degree,SOUTH AFRICA,900000.00,72000.00,0.00,Male
42-45,20+,Defense Engineering (Large),Withheld,Doctorate Degree,USA,225000.00,73000.00,0.00,Male
42-45,13,Health Care,"Radiologist ",Professional Degree,USA,500000.00,80000.00,0.00,Male
42-45,20+,"Tech ",Solution Specialist,Master's Degree,USA,128500.00,90000.00,0.00,Male
46-49,20+,"Plumbing ","Director ","Trade, Technical, Vocational Training",AUSTRALIA,80000.00,100000.00,0.00,Male
46-49,17,Advertising,Account Executive,Bachelor's Degree,USA,220000.00,100000.00,0.00,Male
46-49,20+,Medical Sales,"Rep ",Bachelor's Degree,USA,225000.00,100000.00,0.00,Male
42-45,20+,Media sales,VP,Bachelor's Degree,USA,275000.00,100000.00,100000.00,Male
42-45,20+,"Advertising ",Chief Strategy Officer,Master's Degree,USA,410000.00,100000.00,0.00,Male
42-45,15,"Distribution ",General Manager,"Some College credit, no degree",USA,200000.00,120000.00,0.00,Male
46-49,20+,"Pharmaceuticals research and development ","Director ",Master's Degree,USA,215000.00,120000.00,200000.00,Male
46-49,20+,Technology,"Engineering Director ",Master's Degree,USA,330000.00,150000.00,200000.00,Male
42-45,18,Real Estate,Senior VP,Master's Degree,USA,450000.00,200000.00,0.00,Male
42-45,20+,Retail,Chief information officer,Bachelor's Degree,USA,310000.00,230000.00,0.00,Male
42-45,20+,Media and entertainment,VP,Bachelor's Degree,USA,320000.00,235000.00,165000.00,Male
46-49,20+,Software,COO,Master's Degree,USA,400000.00,250000.00,0.00,Male
42-45,20+,Property Management,Director of Real Estate,Bachelor's Degree,USA,272905.00,300000.00,0.00,Male
42-45,15,Renewable Energy,"President ",Master's Degree,USA,300000.00,300000.00,0.00,Male
42-45,20+,Finance,"Head of Workplace, Real Estate",Bachelor's Degree,USA,310000.00,360000.00,80000.00,Male
42-45,20+,"Finance ","Financial Advisor ",Bachelor's Degree,USA,525000.00,360000.00,0.00,Male
42-45,15,Construction,Government liaison,Master's Degree,MEXICO,NULL,450000.00,150000.00,Male
46-49,19,"Professional Sports ","Head Coach ",Bachelor's Degree,USA,NULL,500000.00,0.00,Male
46-49,20+,Construction,Senior Project Manager,Master's Degree,USA,145000.00,0.00,7500.00,Prefer Not
46-49,15,"Marketing ",Agency Owner,Bachelor's Degree,USA,150000.00,0.00,0.00,Prefer Not
46-49,20+,Mortgage,Loan officer,"Some College credit, no degree",USA,240000.00,0.00,0.00,Prefer Not
46-49,5,Health Insurance,HR Systems Analyst,Master's Degree,USA,98000.00,10000.00,0.00,Prefer Not
